seed,regime,placement_rate,ground_truth_fit,search_rounds,applications_per_hire,fill_rate,vacancy_duration,credential_sensitivity,investment_alignment,mean_step_gap_reduction,total_gap_reduction,evidence_conversion,task_acceptance,realized_gain,evidence_opportunity_gap,scenario
1000,R0,0.4666666666666667,0.6326554392144796,1.7857142857142858,5.357142857142857,0.9333333333333333,2.066666666666667,0.1689133504505226,0.07242990654205607,0.000789646848889077,0.002816407094371041,0.0,0.0,0.010477834686579335,0.033333333333333326,baseline_discount
1000,R1,0.4583333333333333,0.6350552206575565,1.9636363636363636,5.890909090909091,0.9166666666666666,2.5,0.15811395898606173,0.08126410835214447,0.0007855467008178255,0.0028999765705191387,0.0,0.0,0.010719170375223666,0.06666666666666665,baseline_discount
1001,R0,0.4666666666666667,0.5811810655972484,2.017857142857143,6.053571428571429,0.9333333333333333,2.2666666666666666,0.21152616998915386,0.06802721088435375,0.0007268796400835012,0.002671282677306867,0.0,0.0,0.01032362890886498,0.16666666666666663,baseline_discount
1001,R1,0.425,0.5934222874974043,2.1176470588235294,6.352941176470588,0.85,3.2333333333333334,0.18514813301144487,0.07643312101910828,0.0007128639293020064,0.002797990922510375,0.0,0.0,0.009973759888227938,0.3333333333333333,baseline_discount
1002,R0,0.45,0.5828109498517207,2.111111111111111,6.333333333333333,0.9,2.6333333333333333,0.15480160114798786,0.08552631578947369,0.0009981973182900537,0.0037931498095022044,0.0,0.0,0.010845248257776602,-0.06666666666666671,baseline_discount
1002,R1,0.4166666666666667,0.6047863237199878,2.38,7.14,0.8333333333333334,3.033333333333333,0.14868277130029223,0.06748466257668712,0.0007849780325621578,0.003198785482690793,0.0,0.0,0.009879948092972877,0.16666666666666669,baseline_discount
1003,R0,0.475,0.56771762624011,2.1052631578947367,6.315789473684211,0.95,2.3333333333333335,0.21511179863301524,0.07936507936507936,0.0008676014625236659,0.003188435374774472,0.0,0.0,0.01098851762882892,0.16666666666666669,baseline_discount
1003,R1,0.375,0.6265220909901917,1.8888888888888888,5.666666666666667,0.75,3.1,0.1934413968569715,0.09795918367346938,0.000960686563922015,0.003922803469348228,0.0,0.0,0.010367197817075024,0.26666666666666666,baseline_discount
1004,R0,0.4583333333333333,0.5786591859258591,1.9636363636363636,5.890909090909091,0.9166666666666666,2.466666666666667,0.21671633125105141,0.06772009029345373,0.0007680267851103719,0.002835298881699123,0.0,0.0,0.010170265927768941,0.23333333333333328,baseline_discount
1004,R1,0.4083333333333333,0.6269718012674598,2.183673469387755,6.551020408163265,0.8166666666666667,3.2333333333333334,0.20363293977489336,0.07231404958677685,0.0008761723001726367,0.0035338949440296345,0.0,0.0,0.011551543196036462,0.03333333333333338,baseline_discount
1005,R0,0.5,0.53805738840718,1.8333333333333333,5.5,1.0,1.5333333333333334,0.20583187636344077,0.07560975609756097,0.0006996506424953958,0.0023904730285259357,0.0,0.0,0.010447467485176951,0.3,baseline_discount
1005,R1,0.4166666666666667,0.5882515079612579,2.0,6.0,0.8333333333333334,2.7666666666666666,0.20470309451660124,0.0851063829787234,0.000825246042635772,0.003232213666990107,0.0,0.0,0.010624591502802355,0.3,baseline_discount
1006,R0,0.45,0.5516184612678237,2.0925925925925926,6.277777777777778,0.9,2.466666666666667,0.206308944369565,0.06373626373626373,0.0007368815553285855,0.0027940092306208866,0.0,0.0,0.010388444796242017,0.3333333333333333,baseline_discount
1006,R1,0.43333333333333335,0.586650888096569,2.1538461538461537,6.461538461538462,0.8666666666666667,2.6666666666666665,0.2065795808414314,0.0641025641025641,0.0007300922449682343,0.002847359755376114,0.0,0.0,0.010728117075802134,0.23333333333333334,baseline_discount
1007,R0,0.475,0.5467141423258167,2.017543859649123,6.052631578947368,0.95,2.066666666666667,0.17108621251915862,0.06880733944954129,0.0009512706739264272,0.0034562834485993518,0.0,0.0,0.011342487276200987,0.0,baseline_discount
1007,R1,0.4166666666666667,0.5849341461068128,2.14,6.42,0.8333333333333334,3.3,0.16117658776792115,0.06708595387840671,0.0010677078136151483,0.004244138559120215,0.0,0.0,0.011124472469061111,0.23333333333333334,baseline_discount
1008,R0,0.4583333333333333,0.5608978005648432,1.7636363636363637,5.290909090909091,0.9166666666666666,2.2,0.18308454181011574,0.06481481481481481,0.0008508657916988607,0.0030631168501158985,0.0,0.0,0.010985017156682632,0.033333333333333326,baseline_discount
1008,R1,0.4166666666666667,0.5935664399362721,2.2,6.6,0.8333333333333334,3.0,0.17472519300279957,0.08125,0.0007963921915491288,0.0031855687661965153,0.0,0.0,0.01034930975276066,0.16666666666666669,baseline_discount
1009,R0,0.4666666666666667,0.5804998541696751,1.8571428571428572,5.571428571428571,0.9333333333333333,2.1666666666666665,0.19853744676323207,0.07175925925925926,0.0008195003491285615,0.0029502012568628213,0.0,0.0,0.010455808456351733,0.0,baseline_discount
1009,R1,0.4666666666666667,0.5779116354940635,2.0,6.0,0.9333333333333333,2.466666666666667,0.18609277234055607,0.075,0.0008779046755511441,0.003218983810354195,0.0,0.0,0.010665077544144714,0.23333333333333334,baseline_discount
1010,R0,0.45,0.529161391269008,1.9074074074074074,5.722222222222222,0.9,2.3666666666666667,0.20247554702338583,0.07865168539325842,0.000901897677409558,0.0033445372203937773,0.0,0.0,0.011031984434971812,0.13333333333333336,baseline_discount
1010,R1,0.4166666666666667,0.5660663912441144,2.28,6.84,0.8333333333333334,3.1,0.18428108640910976,0.0640495867768595,0.0008848079515510379,0.003568725404589186,0.0,0.0,0.010475982557356666,0.10000000000000003,baseline_discount
1011,R0,0.48333333333333334,0.547673047660515,2.206896551724138,6.620689655172414,0.9666666666666667,2.3,0.19614236110533026,0.0746606334841629,0.000876534384889802,0.003228568317677437,0.0,0.0,0.00973281533784331,0.2,baseline_discount
1011,R1,0.4166666666666667,0.5720581120411666,2.1,6.3,0.8333333333333334,2.933333333333333,0.17858553323011508,0.06947368421052631,0.000879278333045567,0.003480476734972036,0.0,0.0,0.009627742217513792,0.3333333333333333,baseline_discount
1012,R0,0.475,0.588698735618744,1.8070175438596492,5.421052631578948,0.95,1.9666666666666666,0.2161923319173452,0.08962264150943396,0.0008274115036123686,0.002923520646097036,0.0,0.0,0.010871579755456847,0.1333333333333333,baseline_discount
1012,R1,0.425,0.6234533098482856,2.2549019607843137,6.764705882352941,0.85,3.0,0.22118983312594492,0.0899581589958159,0.0009114191337881745,0.0036304862162562287,0.0,0.0,0.010229056411876738,0.36666666666666664,baseline_discount
1013,R0,0.4666666666666667,0.5789645796235119,2.0892857142857144,6.267857142857143,0.9333333333333333,2.433333333333333,0.1748054621777264,0.09213483146067415,0.0008595870220241226,0.003187635206672788,0.0,0.0,0.010906071295729,0.23333333333333334,baseline_discount
1013,R1,0.44166666666666665,0.5853730787536149,2.4716981132075473,7.415094339622642,0.8833333333333333,2.966666666666667,0.16268277568459094,0.08333333333333333,0.0008758780513316535,0.003503512205326614,0.0,0.0,0.010579248550630383,0.36666666666666664,baseline_discount
1014,R0,0.45,0.5804421446241843,1.9444444444444444,5.833333333333333,0.9,2.3,0.2018212651209795,0.07158836689038031,0.0008479147893026578,0.0031584825901524007,0.0,0.0,0.010040065986471941,0.26666666666666666,baseline_discount
1014,R1,0.4166666666666667,0.621542627461348,2.24,6.72,0.8333333333333334,2.8,0.1949361864888441,0.07883817427385892,0.0008442544097332558,0.0033910885457619105,0.0,0.0,0.010353867163170077,0.2,baseline_discount
1015,R0,0.49166666666666664,0.5583006110716978,1.8983050847457628,5.694915254237288,0.9833333333333333,1.8333333333333333,0.21244530711832516,0.07875894988066826,0.0008228040994957569,0.002872957647406018,0.0,0.0,0.010287414963221386,0.23333333333333334,baseline_discount
1015,R1,0.4083333333333333,0.5925985915956509,2.0408163265306123,6.122448979591836,0.8166666666666667,3.2666666666666666,0.19556826172162559,0.07966457023060797,0.0009207535478093199,0.0036599953525420464,0.0,0.0,0.009881029308157761,0.36666666666666664,baseline_discount
1016,R0,0.475,0.5578758031259173,2.0,6.0,0.95,2.1,0.20761864256774967,0.0735632183908046,0.0007540294922799806,0.0027333569095149297,0.0,0.0,0.010785359511453914,0.36666666666666664,baseline_discount
1016,R1,0.44166666666666665,0.5769013803865602,2.547169811320755,7.6415094339622645,0.8833333333333333,3.1333333333333333,0.20739125257525462,0.0743801652892562,0.000736911523552459,0.0029722098116615847,0.0,0.0,0.01054714670117281,0.4666666666666666,baseline_discount
1017,R0,0.49166666666666664,0.6078008758059844,1.8644067796610169,5.593220338983051,0.9833333333333333,1.7,0.16103814481652512,0.06235011990407674,0.000743903089991006,0.002585063237718746,0.0,0.0,0.010178762316464378,0.16666666666666663,baseline_discount
1017,R1,0.43333333333333335,0.6424364414070977,1.9038461538461537,5.711538461538462,0.8666666666666667,2.6,0.14947934843813046,0.07912087912087912,0.0008949160460636547,0.0033932233413246906,0.0,0.0,0.010219789799981106,0.23333333333333334,baseline_discount
1018,R0,0.475,0.5451457812013873,1.9824561403508771,5.947368421052632,0.95,2.1333333333333333,0.2068728904153337,0.0967741935483871,0.0009784106069011204,0.0035385850282923857,0.0,0.0,0.010849176071005027,0.16666666666666663,baseline_discount
1018,R1,0.4583333333333333,0.5718989735486901,2.018181818181818,6.054545454545455,0.9166666666666666,2.2666666666666666,0.18221584123650938,0.09417040358744394,0.0009584326560468194,0.003562174704974012,0.0,0.0,0.010723760996757046,0.23333333333333334,baseline_discount
1019,R0,0.48333333333333334,0.5949634712540184,2.0,6.0,0.9666666666666667,2.0,0.1529300316367624,0.06976744186046512,0.0008512618315792607,0.0030503548964923508,0.0,0.0,0.010622343419721668,0.16666666666666663,baseline_discount
1019,R1,0.425,0.6245958212735615,2.215686274509804,6.647058823529412,0.85,3.0,0.1484959489134118,0.09243697478991597,0.0009379806357679555,0.0037206565218795566,0.0,0.0,0.010446546321671963,0.2,baseline_discount
1000,R0,0.4583333333333333,0.6273469241457474,1.8,5.4,0.9166666666666666,2.2,0.19486802527648425,0.07142857142857142,0.0008883767774057529,0.0032129626782841396,0.0,0.0,0.010576261669438564,-0.06666666666666665,half_discount
1000,R1,0.425,0.6516401794273516,1.8235294117647058,5.470588235294118,0.85,2.7666666666666666,0.18834169849012858,0.09429824561403509,0.0007822548490020794,0.002972568426207902,0.0,0.0,0.010185123549863756,0.0,half_discount
1001,R0,0.4666666666666667,0.5606816464331352,2.0,6.0,0.9333333333333333,2.3,0.2444593164826396,0.05,0.0006771491016532256,0.0024828800393951606,0.0,0.0,0.010830045290025151,0.26666666666666666,half_discount
1001,R1,0.43333333333333335,0.5983741390556786,2.3461538461538463,7.038461538461538,0.8666666666666667,3.066666666666667,0.22532420873521422,0.06276150627615062,0.000980926514296867,0.003907357281949188,0.0,0.0,0.010423829472610838,0.36666666666666664,half_discount
1002,R0,0.45,0.5608471797154229,1.9259259259259258,5.777777777777778,0.9,2.3,0.17838439791216906,0.07847533632286996,0.0008578814897587239,0.0031884595369365905,0.0,0.0,0.010528370845554379,-0.033333333333333326,half_discount
1002,R1,0.425,0.5993295554358894,2.2745098039215685,6.823529411764706,0.85,3.066666666666667,0.1796445422261104,0.08350730688935282,0.000830647946437908,0.003315669719531316,0.0,0.0,0.01057359890559138,0.033333333333333326,half_discount
1003,R0,0.48333333333333334,0.5512257415895493,2.0172413793103448,6.051724137931035,0.9666666666666667,2.1,0.24530114272858014,0.10904872389791183,0.0008462426421970284,0.0030394214898909937,0.0,0.0,0.01040540086560327,0.26666666666666666,half_discount
1003,R1,0.375,0.6258254250514816,2.022222222222222,6.066666666666666,0.75,3.3,0.2336675170384259,0.07459677419354839,0.0008341373542763212,0.003447767731008794,0.0,0.0,0.010129087704045883,0.2,half_discount
1004,R0,0.4583333333333333,0.5840010340405011,1.8363636363636364,5.509090909090909,0.9166666666666666,2.2,0.2506578499432745,0.07110091743119266,0.0008339316658381693,0.003029951719212015,0.0,0.0,0.010584845488260637,0.1333333333333333,half_discount
1004,R1,0.4,0.635795559457576,2.25,6.75,0.8,3.3333333333333335,0.2452025543041068,0.08536585365853659,0.0007938847477666287,0.0032549274658431773,0.0,0.0,0.011059268116140292,0.033333333333333326,half_discount
1005,R0,0.4583333333333333,0.5494793997563223,1.9272727272727272,5.781818181818182,0.9166666666666666,2.2333333333333334,0.23588582134893757,0.05442176870748299,0.0007347953534694168,0.002700372924000107,0.0,0.0,0.010404875692055822,0.1333333333333333,half_discount
1005,R1,0.4166666666666667,0.5681137761052831,2.34,7.02,0.8333333333333334,3.066666666666667,0.24436868013611385,0.07392197125256673,0.0007316615366931331,0.0029693264030796317,0.0,0.0,0.01076665025914519,0.36666666666666664,half_discount
1006,R0,0.45,0.5500441205685955,2.0925925925925926,6.277777777777778,0.9,2.6666666666666665,0.2379479801533866,0.07912087912087912,0.0008052323107737314,0.0030531725116837317,0.0,0.0,0.010455361431495757,0.26666666666666666,half_discount
1006,R1,0.4166666666666667,0.5714131785540462,2.04,6.12,0.8333333333333334,2.966666666666667,0.24592709947257385,0.059322033898305086,0.0007024138236081781,0.002762827706192168,0.0,0.0,0.010369331345374062,0.3,half_discount
1007,R0,0.44166666666666665,0.5580797225461842,1.8113207547169812,5.433962264150943,0.8833333333333333,2.4,0.19663174160531652,0.0651685393258427,0.0009045795955201903,0.0033544826667207058,0.0,0.0,0.011475110841041318,0.06666666666666665,half_discount
1007,R1,0.4083333333333333,0.6010267724140416,2.3469387755102042,7.040816326530612,0.8166666666666667,3.3333333333333335,0.19307450843988208,0.07317073170731707,0.0008982165552875483,0.003682687876678948,0.0,0.0,0.010809408501418675,0.2,half_discount
1008,R0,0.4666666666666667,0.5607141924332536,2.0714285714285716,6.214285714285714,0.9333333333333333,2.4,0.21325318479033467,0.09234234234234234,0.0010370027705729889,0.003836910251120059,0.0,0.0,0.011166228680548496,-0.033333333333333326,half_discount
1008,R1,0.4083333333333333,0.5934174408166168,2.142857142857143,6.428571428571429,0.8166666666666667,3.2666666666666666,0.21115482524056345,0.08713692946058091,0.0008987553957929201,0.0036100008397682293,0.0,0.0,0.010964310752852546,0.3,half_discount
1009,R0,0.475,0.5679139074990248,1.912280701754386,5.7368421052631575,0.95,2.066666666666667,0.22821341548644494,0.07209302325581396,0.0007628286096233465,0.0027334691844836585,0.0,0.0,0.010099275141911114,0.09999999999999998,half_discount
1009,R1,0.48333333333333334,0.5855357349535381,2.189655172413793,6.568965517241379,0.9666666666666667,2.433333333333333,0.22303629725892293,0.05895691609977324,0.0008225646100453279,0.00302292494191658,0.0,0.0,0.010492137113147943,-0.033333333333333326,half_discount
1010,R0,0.4583333333333333,0.5444010302569097,1.9454545454545455,5.836363636363636,0.9166666666666666,2.2666666666666666,0.23379535429374457,0.07239819004524888,0.0009913420198369382,0.0036514431063993883,0.0,0.0,0.011171374975357437,0.16666666666666669,half_discount
1010,R1,0.39166666666666666,0.5675237675555056,2.3617021276595747,7.085106382978723,0.7833333333333333,3.566666666666667,0.22240833461828557,0.10358565737051793,0.0009752814744504604,0.004079927501451092,0.0,0.0,0.010694366722760144,0.16666666666666669,half_discount
1011,R0,0.48333333333333334,0.5493853831518454,1.9482758620689655,5.844827586206897,0.9666666666666667,1.9666666666666666,0.22737208408193915,0.09836065573770492,0.000895488753563295,0.0031864474814293914,0.0,0.0,0.010089555936959389,0.23333333333333334,half_discount
1011,R1,0.4166666666666667,0.589454710907711,2.18,6.54,0.8333333333333334,3.0,0.214519450262246,0.081419624217119,0.0008510498279398371,0.00339710722985985,0.0,0.0,0.009662694121148398,0.13333333333333336,half_discount
1012,R0,0.48333333333333334,0.5883524691030169,2.0172413793103448,6.051724137931035,0.9666666666666667,2.2,0.24735265588156752,0.09280742459396751,0.0010944545092189124,0.003930915778944594,0.0,0.0,0.010833917029716767,0.2666666666666666,half_discount
1012,R1,0.425,0.600880417148027,2.411764705882353,7.235294117647059,0.85,3.433333333333333,0.26084028626164796,0.06790123456790123,0.0007435055264940786,0.0030111973823010183,0.0,0.0,0.009647044411409428,0.4333333333333333,half_discount
1013,R0,0.4666666666666667,0.5693723816501743,2.017857142857143,6.053571428571429,0.9333333333333333,2.3666666666666667,0.2032512527595452,0.10430839002267574,0.0008661545996364766,0.0031831181536640515,0.0,0.0,0.010165416171460454,0.39999999999999997,half_discount
1013,R1,0.4083333333333333,0.5916387121287557,2.2448979591836733,6.73469387755102,0.8166666666666667,3.0,0.19633981669502362,0.09240246406570841,0.0008620082532974281,0.003498316827965396,0.0,0.0,0.01013518698047761,0.3333333333333333,half_discount
1014,R0,0.4666666666666667,0.581951553127855,1.9285714285714286,5.785714285714286,0.9333333333333333,2.1,0.23109033640287746,0.10091743119266056,0.0007661904871865041,0.0027838254367776316,0.0,0.0,0.009449350020358582,0.16666666666666663,half_discount
1014,R1,0.4083333333333333,0.6076596704337367,1.9591836734693877,5.877551020408164,0.8166666666666667,2.966666666666667,0.23005484567931506,0.06342494714587738,0.0008744346239432066,0.003446729809376139,0.0,0.0,0.009920032427530923,0.3,half_discount
1015,R0,0.49166666666666664,0.5583006110716978,1.8983050847457628,5.694915254237288,0.9833333333333333,1.8333333333333333,0.24245006934173954,0.07875894988066826,0.0008228040994957569,0.002872957647406018,0.0,0.0,0.010287414963221386,0.23333333333333334,half_discount
1015,R1,0.45,0.5745013259799531,2.2222222222222223,6.666666666666667,0.9,2.7666666666666666,0.23422574899127938,0.09523809523809523,0.0008245596089903111,0.003174554494612698,0.0,0.0,0.009840808299253462,0.39999999999999997,half_discount
1016,R0,0.4583333333333333,0.5576607124019478,1.9636363636363636,5.890909090909091,0.9166666666666666,2.4,0.23936895340822453,0.056433408577878104,0.0006447434018307512,0.0023801777250918566,0.0,0.0,0.010888103305649374,0.4333333333333333,half_discount
1016,R1,0.425,0.585824806465822,2.2941176470588234,6.882352941176471,0.85,3.2333333333333334,0.24616107981911964,0.06666666666666667,0.0008250664238483504,0.0033002656953934014,0.0,0.0,0.010512028177729863,0.6333333333333334,half_discount
1017,R0,0.48333333333333334,0.6120148216167449,1.8275862068965518,5.482758620689655,0.9666666666666667,1.7666666666666666,0.1851579140611125,0.07142857142857142,0.0007189063973059393,0.0025161723905707876,0.0,0.0,0.00978985822561269,0.2,half_discount
1017,R1,0.44166666666666665,0.6402969017018615,1.9811320754716981,5.943396226415095,0.8833333333333333,2.7333333333333334,0.17967222757992296,0.10352422907488987,0.0009248557154997306,0.0034990374569739808,0.0,0.0,0.009680132226280001,0.2,half_discount
1018,R0,0.475,0.5512028598373224,2.0350877192982457,6.105263157894737,0.95,2.1666666666666665,0.23564639965034323,0.08009153318077804,0.0010004042365643145,0.0036431387614883786,0.0,0.0,0.011192846594405366,0.3,half_discount
1018,R1,0.4083333333333333,0.5777573056883636,2.2244897959183674,6.673469387755102,0.8166666666666667,3.1666666666666665,0.21806441860991416,0.11728395061728394,0.0009605397079732809,0.0038901858172917876,0.0,0.0,0.011419190859617798,0.26666666666666666,half_discount
1019,R0,0.48333333333333334,0.5886940312135006,2.0,5.982758620689655,0.9666666666666667,1.9333333333333333,0.17697077145381718,0.08372093023255814,0.0009230935883790348,0.0033077520250248747,0.0,0.0,0.010776990019968593,0.1333333333333333,half_discount
1019,R1,0.44166666666666665,0.6094315483535236,2.452830188679245,7.3584905660377355,0.8833333333333333,3.066666666666667,0.17774727672179932,0.0918580375782881,0.0008039478187382363,0.003209091709796794,0.0,0.0,0.00983372254256006,0.3,half_discount
1000,R0,0.475,0.6022522867347131,1.8421052631578947,5.526315789473684,0.95,2.033333333333333,0.23102473314147176,0.07511737089201878,0.0009166679864082441,0.0032541713517492666,0.0,0.0,0.010815989451709786,0.0,no_discount
1000,R1,0.4583333333333333,0.6364637911286237,1.981818181818182,5.945454545454545,0.9166666666666666,2.433333333333333,0.23320065381209093,0.07432432432432433,0.0008497407990737731,0.0031440409565729605,0.0,0.0,0.010138375359161659,0.033333333333333326,no_discount
1001,R0,0.45,0.571113351926727,2.1296296296296298,6.388888888888889,0.9,2.5,0.289120943695996,0.08315098468271334,0.0009066784148734483,0.0034529336299763823,0.0,0.0,0.010564357911798924,0.19999999999999996,no_discount
1001,R1,0.425,0.593769692857697,2.0784313725490198,6.235294117647059,0.85,3.066666666666667,0.2809397203648168,0.08955223880597014,0.0008805558037701087,0.0034415055997348417,0.0,0.0,0.009902697984076177,0.3333333333333333,no_discount
1002,R0,0.45,0.5584957234727868,2.2037037037037037,6.611111111111111,0.9,2.466666666666667,0.21053662723593516,0.052060737527114966,0.0007799707830148121,0.0029963877580819033,0.0,0.0,0.010200646517216893,0.06666666666666671,no_discount
1002,R1,0.425,0.5758904286319724,2.411764705882353,7.235294117647059,0.85,3.1,0.22477287737799354,0.06790123456790123,0.0007160441309349716,0.002899978730286635,0.0,0.0,0.010608763035452459,0.16666666666666669,no_discount
1003,R0,0.48333333333333334,0.5518395619503941,1.9310344827586208,5.793103448275862,0.9666666666666667,2.0,0.28547025304266926,0.08450704225352113,0.0008611590086028813,0.0030571144805402284,0.0,0.0,0.010002420724449228,0.2,no_discount
1003,R1,0.375,0.6168549225533725,2.1777777777777776,6.533333333333333,0.75,3.6,0.29077880961998626,0.09940357852882704,0.0008833790089886162,0.003702830346010616,0.0,0.0,0.009797219447051987,0.39999999999999997,no_discount
1004,R0,0.4666666666666667,0.5775192320511492,1.9642857142857142,5.892857142857143,0.9333333333333333,2.3333333333333335,0.2984596811261708,0.0776255707762557,0.0009052365601190988,0.0033041134444347104,0.0,0.0,0.010544108372682399,0.1333333333333333,no_discount
1004,R1,0.4166666666666667,0.5918460188866167,2.36,7.08,0.8333333333333334,3.3333333333333335,0.3061689358692641,0.08811475409836066,0.0008825791283596177,0.0035891551219957786,0.0,0.0,0.010472723781546869,0.10000000000000003,no_discount
1005,R0,0.475,0.5405110817591696,1.8596491228070176,5.578947368421052,0.95,1.9,0.27725096811194067,0.07494145199063232,0.0007351147606561928,0.002615783356668286,0.0,0.0,0.00985629301407783,0.3333333333333333,no_discount
1005,R1,0.44166666666666665,0.5621846477348961,2.1320754716981134,6.39622641509434,0.8833333333333333,2.7333333333333334,0.2988081832442877,0.08225108225108226,0.0007712760735877267,0.002969412883312748,0.0,0.0,0.010393187277679898,0.49999999999999994,no_discount
1006,R0,0.44166666666666665,0.5510089021472787,1.8679245283018868,5.60377358490566,0.8833333333333333,2.6666666666666665,0.2815673802795613,0.09821428571428571,0.0009448193622893813,0.0035273256192136903,0.0,0.0,0.011223155151024686,0.23333333333333328,no_discount
1006,R1,0.44166666666666665,0.566444633317668,2.1320754716981134,6.39622641509434,0.8833333333333333,2.533333333333333,0.3032414845888758,0.07575757575757576,0.0007666658668736127,0.0029516635874634093,0.0,0.0,0.010408853393359603,0.26666666666666666,no_discount
1007,R0,0.45,0.5599650961975527,1.7962962962962963,5.388888888888889,0.9,2.3,0.2308490567223436,0.07289293849658314,0.0011023902237636718,0.004032910901935432,0.0,0.0,0.011819526202122127,0.2,no_discount
1007,R1,0.4166666666666667,0.5835936385872187,2.36,7.08,0.8333333333333334,3.2,0.24142271572075985,0.06352459016393443,0.0008309069449563348,0.003379021576155762,0.0,0.0,0.010595752850661489,0.3,no_discount
1008,R0,0.4583333333333333,0.5525245081479504,1.8727272727272728,5.618181818181818,0.9166666666666666,2.2333333333333334,0.2542530865115463,0.091324200913242,0.0009001139493225533,0.0032854159150273194,0.0,0.0,0.011061340289806577,-0.10000000000000003,no_discount
1008,R1,0.38333333333333336,0.6026939818954897,1.934782608695652,5.804347826086956,0.7666666666666667,3.1333333333333333,0.2655701221512832,0.09034907597535935,0.0008780456940524663,0.003563402108362925,0.0,0.0,0.010910806133427308,0.10000000000000003,no_discount
1009,R0,0.4583333333333333,0.5726196622515226,1.8909090909090909,5.672727272727273,0.9166666666666666,2.3666666666666667,0.26660285487734847,0.06605922551252848,0.0007896881543428693,0.0028889424979709967,0.0,0.0,0.010551956214683517,0.1333333333333333,no_discount
1009,R1,0.4583333333333333,0.5919725699582531,2.418181818181818,7.254545454545455,0.9166666666666666,2.9,0.2756310886959704,0.06837606837606838,0.000807890872412681,0.003150774402409456,0.0,0.0,0.010238299184466148,0.09999999999999998,no_discount
1010,R0,0.45,0.5307865658826506,2.2777777777777777,6.833333333333333,0.9,2.8,0.27619264720848735,0.07956989247311828,0.000935513562011921,0.003625115052796194,0.0,0.0,0.010915076813476943,0.06666666666666665,no_discount
1010,R1,0.4,0.5723243244147211,2.3125,6.9375,0.8,3.4,0.27664443613242956,0.08282828282828283,0.0009450066519473808,0.0038981524392829457,0.0,0.0,0.011293647236789923,0.10000000000000003,no_discount
1011,R0,0.4666666666666667,0.5484493665753092,1.8392857142857142,5.517857142857143,0.9333333333333333,2.033333333333333,0.2705970630130205,0.06496519721577726,0.0008303560711613633,0.0029823622222545634,0.0,0.0,0.010059851198387678,0.23333333333333334,no_discount
1011,R1,0.4083333333333333,0.5922240402881644,2.2448979591836733,6.73469387755102,0.8166666666666667,3.3,0.26814778218403185,0.08008213552361396,0.0009727380072938449,0.003947695079600853,0.0,0.0,0.010504624781972529,0.16666666666666669,no_discount
1012,R0,0.4583333333333333,0.5927748735255226,1.8545454545454545,5.5636363636363635,0.9166666666666666,2.4,0.289985289569357,0.09839816933638444,0.0009907310566113735,0.0036079122644930854,0.0,0.0,0.01017184123795464,0.4333333333333333,no_discount
1012,R1,0.43333333333333335,0.6142637870396982,2.269230769230769,6.8076923076923075,0.8666666666666667,3.2333333333333334,0.3165999904218058,0.08649789029535865,0.0008960180172019567,0.003539271167947729,0.0,0.0,0.010119173761021184,0.36666666666666664,no_discount
1013,R0,0.425,0.5870667767260762,1.9607843137254901,5.882352941176471,0.85,2.7666666666666666,0.24309739945509692,0.0755939524838013,0.0009151481977803219,0.003530946796435742,0.0,0.0,0.01026977863029988,0.26666666666666666,no_discount
1013,R1,0.43333333333333335,0.5658492116269118,2.269230769230769,6.8076923076923075,0.8666666666666667,3.1,0.24528817789485374,0.08649789029535865,0.0008373058734284515,0.0033073582000423835,0.0,0.0,0.01008381740653964,0.5333333333333333,no_discount
1014,R0,0.4666666666666667,0.5791640558610115,1.9107142857142858,5.732142857142857,0.9333333333333333,1.9333333333333333,0.2708951438309171,0.0896551724137931,0.0010141631409205842,0.0036763413858371175,0.0,0.0,0.01026406980656173,0.36666666666666664,no_discount
1014,R1,0.43333333333333335,0.5910229729460326,2.326923076923077,6.980769230769231,0.8666666666666667,2.7666666666666666,0.2806789591689112,0.09014675052410902,0.0008675959872087329,0.0034486940491547133,0.0,0.0,0.010118385585797468,0.3333333333333333,no_discount
1015,R0,0.49166666666666664,0.5560951605484741,1.8983050847457628,5.677966101694915,0.9833333333333333,1.8333333333333333,0.283533550391564,0.07637231503579953,0.0007507369256269917,0.0026213230986475793,0.0,0.0,0.010059827810325696,0.3,no_discount
1015,R1,0.4083333333333333,0.573267733127515,1.9591836734693877,5.877551020408164,0.8166666666666667,2.9,0.2888912078876926,0.07822410147991543,0.0006916537362168442,0.0027262684769213943,0.0,0.0,0.009870121859580144,0.4,no_discount
1016,R0,0.475,0.550150568954228,2.017543859649123,6.052631578947368,0.95,2.1666666666666665,0.2825075168343632,0.0779816513761468,0.0008039234062202533,0.0029209217092669203,0.0,0.0,0.010388478905598,0.46666666666666673,no_discount
1016,R1,0.44166666666666665,0.5758743100561957,2.358490566037736,7.0754716981132075,0.8833333333333333,3.033333333333333,0.30217243022813917,0.06962025316455696,0.0007418518769102878,0.002930314913795637,0.0,0.0,0.010932704797770646,0.49999999999999994,no_discount
1017,R0,0.48333333333333334,0.6028703643742732,2.086206896551724,6.258620689655173,0.9666666666666667,2.2333333333333334,0.2181929652746228,0.0896551724137931,0.0009028490462289181,0.003272827792579828,0.0,0.0,0.010029586571722496,0.26666666666666666,no_discount
1017,R1,0.4583333333333333,0.6233037491541175,2.036363636363636,6.109090909090909,0.9166666666666666,2.3333333333333335,0.2237257085397988,0.09395973154362416,0.0009117843508502012,0.0033963967069169996,0.0,0.0,0.00978968834253366,0.26666666666666666,no_discount
1018,R0,0.48333333333333334,0.5563193681902292,2.0517241379310347,6.155172413793103,0.9666666666666667,2.1,0.2726790977411941,0.07621247113163972,0.0009957103813089138,0.0035928549592229974,0.0,0.0,0.011291399934891927,0.19999999999999996,no_discount
1018,R1,0.44166666666666665,0.5602953368429727,2.1320754716981134,6.39622641509434,0.8833333333333333,2.8,0.26729718281611,0.06926406926406926,0.0008852102601903313,0.0034080595017327757,0.0,0.0,0.011528633258585665,0.3,no_discount
1019,R0,0.475,0.5920519407330425,2.0,6.0,0.95,2.1333333333333333,0.21002086758002522,0.09195402298850575,0.0008627300587182734,0.003127396462853741,0.0,0.0,0.010158606134719894,0.23333333333333328,no_discount
1019,R1,0.44166666666666665,0.6095976631454723,2.169811320754717,6.509433962264151,0.8833333333333333,2.8666666666666667,0.22158973047948127,0.08189655172413793,0.0008656291454418735,0.0033470993623752445,0.0,0.0,0.010367302844213541,0.23333333333333328,no_discount
1000,R0,0.475,0.6324006751475074,1.8596491228070176,5.578947368421052,0.95,1.9666666666666666,0.1482898969521499,0.08196721311475409,0.0008878192477258669,0.0031591568231578767,0.0,0.0,0.010737904178344252,-0.033333333333333326,strong_discount
1000,R1,0.44166666666666665,0.6556924865469468,1.9056603773584906,5.716981132075472,0.8833333333333333,2.433333333333333,0.13557720794281922,0.08666666666666667,0.0007466334901885447,0.002799875588207043,0.0,0.0,0.010097510990160987,-0.06666666666666665,strong_discount
1001,R0,0.44166666666666665,0.5972147615678219,1.9245283018867925,5.773584905660377,0.8833333333333333,2.6666666666666665,0.18620376587767892,0.07095343680709534,0.0008618196104476484,0.0032390053692657452,0.0,0.0,0.011143310069805006,0.16666666666666663,strong_discount
1001,R1,0.4083333333333333,0.6173948074868552,2.2244897959183674,6.673469387755102,0.8166666666666667,3.466666666666667,0.15655674017738055,0.08024691358024691,0.0009291627160950912,0.003763109000185119,0.0,0.0,0.01076042247328635,0.26666666666666666,strong_discount
1002,R0,0.44166666666666665,0.5886841022454666,2.0377358490566038,6.113207547169812,0.8833333333333333,2.6666666666666665,0.13704235747334964,0.08971553610503283,0.0010364057319153404,0.003946978495710921,0.0,0.0,0.010836390546054684,-0.06666666666666671,strong_discount
1002,R1,0.425,0.6120661513803801,2.2549019607843137,6.764705882352941,0.85,2.8,0.12705176995011694,0.08368200836820083,0.0008154151199287006,0.003248070227715991,0.0,0.0,0.010445840093884653,0.2,strong_discount
1003,R0,0.45,0.5895603928419854,1.9074074074074074,5.722222222222222,0.9,2.5,0.1910240492436099,0.09662921348314607,0.0009704479729482025,0.0035987445663495845,0.0,0.0,0.010881084860478691,0.16666666666666669,strong_discount
1003,R1,0.4166666666666667,0.6162957267284029,2.46,7.38,0.8333333333333334,3.3333333333333335,0.16313711296350628,0.0872210953346856,0.0008628766820828013,0.0035449850355568423,0.0,0.0,0.009955239129965354,0.26666666666666666,strong_discount
1004,R0,0.475,0.5876180603450635,2.1228070175438596,6.368421052631579,0.95,2.466666666666667,0.19130064419232334,0.07692307692307693,0.0007698164684563828,0.0028354906588143438,0.0,0.0,0.010388231526320886,0.09999999999999998,strong_discount
1004,R1,0.425,0.6148542991594734,2.372549019607843,7.117647058823529,0.85,3.2666666666666666,0.1732640650578715,0.05785123966942149,0.0008672920451762609,0.0034980779155442524,0.0,0.0,0.011037548623179592,0.09999999999999998,strong_discount
1005,R0,0.48333333333333334,0.5546979612607135,1.8275862068965518,5.482758620689655,0.9666666666666667,1.8666666666666667,0.18236774112202972,0.07380952380952381,0.0007000910910719689,0.0024503188187518913,0.0,0.0,0.010487532522373598,0.23333333333333334,strong_discount
1005,R1,0.4166666666666667,0.5811669250201335,1.92,5.76,0.8333333333333334,2.8,0.17500875104340272,0.08798283261802575,0.0008670721481815251,0.003367130175438256,0.0,0.0,0.010272548280365626,0.3333333333333333,strong_discount
1006,R0,0.425,0.5789054819023417,1.7843137254901962,5.352941176470588,0.85,2.7666666666666666,0.1829318306320848,0.07929515418502203,0.0008545724780899133,0.0032331325421068387,0.0,0.0,0.010686919015222526,0.19999999999999996,strong_discount
1006,R1,0.43333333333333335,0.586650888096569,2.1538461538461537,6.461538461538462,0.8666666666666667,2.6666666666666665,0.1775103850366087,0.0641025641025641,0.0007300922449682343,0.002847359755376114,0.0,0.0,0.010728117075802134,0.23333333333333334,strong_discount
1007,R0,0.475,0.5593348083433648,2.1052631578947367,6.315789473684211,0.95,2.3666666666666667,0.1512787382345063,0.08390022675736962,0.0010145093830465743,0.0037283219826961607,0.0,0.0,0.010998911574666226,0.033333333333333326,strong_discount
1007,R1,0.4,0.5980100371997029,2.2291666666666665,6.6875,0.8,3.2333333333333334,0.13687082536157322,0.09368635437881874,0.0010411874890416057,0.0042601921426619034,0.0,0.0,0.01124943459833528,0.16666666666666669,strong_discount
1008,R0,0.44166666666666665,0.5914426859595284,1.849056603773585,5.547169811320755,0.8833333333333333,2.3666666666666667,0.16050201337639133,0.07829977628635347,0.0007521446223290748,0.0028017387181758038,0.0,0.0,0.011295789447622526,-0.13333333333333336,strong_discount
1008,R1,0.39166666666666666,0.61205111012266,1.9574468085106382,5.872340425531915,0.7833333333333333,3.1,0.1482718466988259,0.07660455486542443,0.0007941554384499066,0.0031964756397608743,0.0,0.0,0.010482455406774232,0.16666666666666669,strong_discount
1009,R0,0.49166666666666664,0.5726562735519947,1.9830508474576272,5.9491525423728815,0.9833333333333333,1.9,0.1762571373662195,0.07311320754716981,0.0009615152950377388,0.003397354042466677,0.0,0.0,0.011141907373707358,-0.06666666666666665,strong_discount
1009,R1,0.44166666666666665,0.6022714662476244,1.9056603773584906,5.716981132075472,0.8833333333333333,2.6666666666666665,0.15904044548558519,0.08,0.001002560362419698,0.0037596013590738674,0.0,0.0,0.01037711766432828,0.10000000000000003,strong_discount
1010,R0,0.43333333333333335,0.5297811004121075,1.9615384615384615,5.884615384615385,0.8666666666666667,2.566666666666667,0.17827743000285595,0.06550218340611354,0.0007959538790128206,0.0030378906382322653,0.0,0.0,0.010782111513801557,0.16666666666666669,strong_discount
1010,R1,0.39166666666666666,0.5763395023655582,2.297872340425532,6.8936170212765955,0.7833333333333333,3.433333333333333,0.15576452528317797,0.08617234468937876,0.000910278229957772,0.003785240306241069,0.0,0.0,0.010686240985242812,0.2,strong_discount
1011,R0,0.475,0.5519593002162226,2.192982456140351,6.578947368421052,0.95,2.433333333333333,0.1720541398561571,0.08071748878923767,0.0008957665063327385,0.003329265515203345,0.0,0.0,0.00995079824569524,0.2,strong_discount
1011,R1,0.39166666666666666,0.6056698662257805,1.9787234042553192,5.9361702127659575,0.7833333333333333,3.2333333333333334,0.1512284837120056,0.08264462809917356,0.0009531370525349153,0.003844319445224158,0.0,0.0,0.00955344840430182,0.09999999999999998,strong_discount
1012,R0,0.49166666666666664,0.5864143814163545,2.0677966101694913,6.203389830508475,0.9833333333333333,1.9666666666666666,0.19201682894687136,0.10023310023310024,0.0009592678064696574,0.0034293824081290253,0.0,0.0,0.010451194433306414,0.19999999999999996,strong_discount
1012,R1,0.44166666666666665,0.6158106188022222,2.30188679245283,6.90566037735849,0.8833333333333333,2.8333333333333335,0.1910667008544247,0.07218683651804671,0.0009058470435875644,0.0035554496460811903,0.0,0.0,0.01047550167008095,0.36666666666666664,strong_discount
1013,R0,0.4666666666666667,0.5789645796235119,2.0892857142857144,6.267857142857143,0.9333333333333333,2.433333333333333,0.1533709642659775,0.09213483146067415,0.0008595870220241226,0.003187635206672788,0.0,0.0,0.010906071295729,0.23333333333333334,strong_discount
1013,R1,0.425,0.5953833202675987,2.372549019607843,7.117647058823529,0.85,3.1,0.13790252024684654,0.08677685950413223,0.0008438951741083418,0.003403710535570312,0.0,0.0,0.010136342024081367,0.3333333333333333,strong_discount
1014,R0,0.4666666666666667,0.5919540548673535,1.9464285714285714,5.839285714285714,0.9333333333333333,2.1333333333333333,0.17869981300904933,0.09382151029748284,0.0008704032964855113,0.0031697186713680703,0.0,0.0,0.0101962019631319,0.19999999999999996,strong_discount
1014,R1,0.43333333333333335,0.6124150016785077,2.1923076923076925,6.576923076923077,0.8666666666666667,2.6666666666666665,0.16718362213846938,0.07234042553191489,0.0006868918834290797,0.002690326543430562,0.0,0.0,0.009928010715670515,0.3,strong_discount
1015,R0,0.5,0.5566197486315284,1.95,5.816666666666666,1.0,1.7333333333333334,0.18986814352580944,0.09112709832134293,0.0008219679308912011,0.002856338559846924,0.0,0.0,0.010572866966207673,0.3,strong_discount
1015,R1,0.44166666666666665,0.5929259122567738,2.3207547169811322,6.962264150943396,0.8833333333333333,3.0,0.1663134881845644,0.09322033898305085,0.0008596019810487648,0.003381101125458475,0.0,0.0,0.00972842232295794,0.3,strong_discount
1016,R0,0.48333333333333334,0.5529025243498399,2.086206896551724,6.258620689655173,0.9666666666666667,2.1333333333333333,0.1835793745133719,0.07816091954022988,0.0007517492323191854,0.002725090967157047,0.0,0.0,0.010323659272946484,0.4333333333333333,strong_discount
1016,R1,0.44166666666666665,0.5769013803865602,2.547169811320755,7.6415094339622645,0.8833333333333333,3.1333333333333333,0.17803451403837697,0.0743801652892562,0.000736911523552459,0.0029722098116615847,0.0,0.0,0.01054714670117281,0.4666666666666666,strong_discount
1017,R0,0.475,0.6150176888108051,1.8070175438596492,5.421052631578948,0.95,1.9333333333333333,0.1418219959383676,0.10141509433962265,0.0008519868763979259,0.003010353629939338,0.0,0.0,0.009423269755227745,0.13333333333333336,strong_discount
1017,R1,0.43333333333333335,0.6530578666476509,2.0384615384615383,6.115384615384615,0.8666666666666667,2.933333333333333,0.12736015373399767,0.07575757575757576,0.0008422097835021012,0.0032425076664830896,0.0,0.0,0.00987835431776141,0.2,strong_discount
1018,R0,0.48333333333333334,0.54798502360137,1.9827586206896552,5.948275862068965,0.9666666666666667,1.8666666666666667,0.18384800841880203,0.08857808857808858,0.0009819369352219696,0.0035104245434185418,0.0,0.0,0.011080826833621557,0.23333333333333328,strong_discount
1018,R1,0.43333333333333335,0.5800453802822821,1.9615384615384615,5.884615384615385,0.8666666666666667,2.566666666666667,0.15597980327280633,0.10043668122270742,0.0010202457524617753,0.0038939379552291094,0.0,0.0,0.0115400859216354,0.2,strong_discount
1019,R0,0.49166666666666664,0.6005971846425214,1.9830508474576272,5.9491525423728815,0.9833333333333333,1.8333333333333333,0.13436823142607857,0.08726415094339622,0.0009846065792784443,0.0034789432467838364,0.0,0.0,0.010546289607721446,0.16666666666666663,strong_discount
1019,R1,0.49166666666666664,0.5951843341476837,2.6271186440677967,7.88135593220339,0.9833333333333333,2.6333333333333333,0.12700580149385532,0.08225108225108226,0.0009433700345824646,0.0036319746331424886,0.0,0.0,0.010573594428975779,0.23333333333333334,strong_discount
