scenario,seed,regime,placement_rate,ground_truth_fit,aggregate_fit_per_capacity
baseline,1000,R0,0.4666666666666667,0.6326554392144796,0.5904784099335142
baseline,1000,R1,0.4583333333333333,0.6350552206575565,0.5821339522694269
baseline,1001,R0,0.4666666666666667,0.5811810655972484,0.5424356612240986
baseline,1001,R1,0.425,0.5934222874974043,0.5044089443727936
baseline,1002,R0,0.45,0.5828109498517207,0.5245298548665486
baseline,1002,R1,0.4166666666666667,0.6047863237199878,0.5039886030999897
baseline,1003,R0,0.475,0.56771762624011,0.5393317449281044
baseline,1003,R1,0.375,0.6265220909901917,0.4698915682426438
baseline,1004,R0,0.4583333333333333,0.5786591859258591,0.5304375870987041
baseline,1004,R1,0.4083333333333333,0.6269718012674598,0.5120269710350922
baseline,1005,R0,0.5,0.53805738840718,0.53805738840718
baseline,1005,R1,0.4166666666666667,0.5882515079612579,0.4902095899677149
baseline,1006,R0,0.45,0.5516184612678237,0.4964566151410413
baseline,1006,R1,0.43333333333333335,0.586650888096569,0.508430769683693
baseline,1007,R0,0.475,0.5467141423258167,0.519378435209526
baseline,1007,R1,0.4166666666666667,0.5849341461068128,0.4874451217556774
baseline,1008,R0,0.4583333333333333,0.5608978005648432,0.5141563171844397
baseline,1008,R1,0.4166666666666667,0.5935664399362721,0.49463869994689347
baseline,1009,R0,0.4666666666666667,0.5804998541696751,0.5417998638916967
baseline,1009,R1,0.4666666666666667,0.5779116354940635,0.5393841931277926
baseline,1010,R0,0.45,0.529161391269008,0.4762452521421073
baseline,1010,R1,0.4166666666666667,0.5660663912441144,0.4717219927034286
baseline,1011,R0,0.48333333333333334,0.547673047660515,0.5294172794051646
baseline,1011,R1,0.4166666666666667,0.5720581120411666,0.4767150933676389
baseline,1012,R0,0.475,0.588698735618744,0.559263798837807
baseline,1012,R1,0.425,0.6234533098482856,0.5299353133710428
baseline,1013,R0,0.4666666666666667,0.5789645796235119,0.5403669409819443
baseline,1013,R1,0.44166666666666665,0.5853730787536149,0.5170795528990265
baseline,1014,R0,0.45,0.5804421446241843,0.5223979301617658
baseline,1014,R1,0.4166666666666667,0.621542627461348,0.5179521895511232
baseline,1015,R0,0.49166666666666664,0.5583006110716978,0.5489956008871695
baseline,1015,R1,0.4083333333333333,0.5925985915956509,0.48395551646978163
baseline,1016,R0,0.475,0.5578758031259173,0.5299820129696216
baseline,1016,R1,0.44166666666666665,0.5769013803865602,0.5095962193414617
baseline,1017,R0,0.49166666666666664,0.6078008758059844,0.5976708612092182
baseline,1017,R1,0.43333333333333335,0.6424364414070977,0.5567782492194847
baseline,1018,R0,0.475,0.5451457812013873,0.5178884921413179
baseline,1018,R1,0.4583333333333333,0.5718989735486901,0.5242407257529659
baseline,1019,R0,0.48333333333333334,0.5949634712540184,0.5751313555455511
baseline,1019,R1,0.425,0.6245958212735615,0.5309064480825273
lower_proxy_noise,1000,R0,0.4666666666666667,0.6398259676876482,0.5971709031751383
lower_proxy_noise,1000,R1,0.45,0.643527354969697,0.5791746194727273
lower_proxy_noise,1001,R0,0.44166666666666665,0.5786430555986548,0.5111346991121452
lower_proxy_noise,1001,R1,0.4083333333333333,0.6032373532896963,0.4926438385199186
lower_proxy_noise,1002,R0,0.4583333333333333,0.5877371094242011,0.5387590169721843
lower_proxy_noise,1002,R1,0.4,0.626615245770998,0.5012921966167984
lower_proxy_noise,1003,R0,0.4583333333333333,0.5893994768052607,0.5402828537381558
lower_proxy_noise,1003,R1,0.38333333333333336,0.6338452836199583,0.48594805077530145
lower_proxy_noise,1004,R0,0.475,0.5827375511455382,0.5536006735882614
lower_proxy_noise,1004,R1,0.44166666666666665,0.6200316464236949,0.547694621007597
lower_proxy_noise,1005,R0,0.4583333333333333,0.5641740524915175,0.5171595481172243
lower_proxy_noise,1005,R1,0.44166666666666665,0.5833201046626015,0.5152660924519648
lower_proxy_noise,1006,R0,0.43333333333333335,0.579386638628256,0.5021350868111552
lower_proxy_noise,1006,R1,0.375,0.6118155560915942,0.45886166706869574
lower_proxy_noise,1007,R0,0.45,0.565054674742654,0.5085492072683886
lower_proxy_noise,1007,R1,0.4083333333333333,0.6114428678478963,0.49934500874244864
lower_proxy_noise,1008,R0,0.45,0.5818130761149468,0.5236317685034522
lower_proxy_noise,1008,R1,0.4166666666666667,0.6006031122275235,0.5005025935229362
lower_proxy_noise,1009,R0,0.475,0.5877474944768547,0.5583601197530119
lower_proxy_noise,1009,R1,0.43333333333333335,0.6066772914649493,0.5257869859362893
lower_proxy_noise,1010,R0,0.4583333333333333,0.5331748820875658,0.488743641913602
lower_proxy_noise,1010,R1,0.35,0.5841740027335163,0.4089218019134614
lower_proxy_noise,1011,R0,0.4583333333333333,0.5773912731088031,0.5292753336830696
lower_proxy_noise,1011,R1,0.38333333333333336,0.5982307458140955,0.45864357179080656
lower_proxy_noise,1012,R0,0.48333333333333334,0.5940490342005893,0.5742473997272364
lower_proxy_noise,1012,R1,0.4083333333333333,0.6408098898226577,0.5233280766885037
lower_proxy_noise,1013,R0,0.4583333333333333,0.5869973303188609,0.5380808861256224
lower_proxy_noise,1013,R1,0.425,0.5984742825449453,0.5087031401632035
lower_proxy_noise,1014,R0,0.4666666666666667,0.58489185515855,0.5458990648146467
lower_proxy_noise,1014,R1,0.43333333333333335,0.6093130229420117,0.5280712865497434
lower_proxy_noise,1015,R0,0.475,0.5752870589165686,0.5465227059707403
lower_proxy_noise,1015,R1,0.4,0.5958487122686041,0.4766789698148833
lower_proxy_noise,1016,R0,0.48333333333333334,0.5632375072582173,0.5444629236829434
lower_proxy_noise,1016,R1,0.43333333333333335,0.5837776711130795,0.5059406482980022
lower_proxy_noise,1017,R0,0.4666666666666667,0.6208811231399876,0.5794890482639884
lower_proxy_noise,1017,R1,0.4166666666666667,0.6581371287663724,0.5484476073053103
lower_proxy_noise,1018,R0,0.4583333333333333,0.5660087581085826,0.5188413615995341
lower_proxy_noise,1018,R1,0.4083333333333333,0.5949291548455151,0.4858588097905041
lower_proxy_noise,1019,R0,0.48333333333333334,0.597069344088945,0.5771670326193135
lower_proxy_noise,1019,R1,0.38333333333333336,0.6396411516267875,0.49039154958053716
higher_proxy_noise,1000,R0,0.48333333333333334,0.6036773674409358,0.583554788526238
higher_proxy_noise,1000,R1,0.4666666666666667,0.6257863914370657,0.5840672986745947
higher_proxy_noise,1001,R0,0.44166666666666665,0.5885377420342107,0.5198750054635528
higher_proxy_noise,1001,R1,0.44166666666666665,0.573481436376846,0.5065752687995472
higher_proxy_noise,1002,R0,0.4666666666666667,0.5353549879734151,0.4996646554418541
higher_proxy_noise,1002,R1,0.4166666666666667,0.6084949491852254,0.5070791243210212
higher_proxy_noise,1003,R0,0.5,0.5364337648998748,0.5364337648998746
higher_proxy_noise,1003,R1,0.44166666666666665,0.5857263841673923,0.5173916393478633
higher_proxy_noise,1004,R0,0.48333333333333334,0.5656617965354954,0.5468064033176457
higher_proxy_noise,1004,R1,0.44166666666666665,0.5832529966813113,0.5152068137351583
higher_proxy_noise,1005,R0,0.49166666666666664,0.5490457654214383,0.5398950026644144
higher_proxy_noise,1005,R1,0.44166666666666665,0.5459564537980887,0.4822615341883116
higher_proxy_noise,1006,R0,0.4666666666666667,0.5388897523913546,0.5029637688985977
higher_proxy_noise,1006,R1,0.4583333333333333,0.5528699624109786,0.5067974655433971
higher_proxy_noise,1007,R0,0.4666666666666667,0.5662738626783901,0.528522271833164
higher_proxy_noise,1007,R1,0.475,0.5392451707042722,0.5122829121690586
higher_proxy_noise,1008,R0,0.4666666666666667,0.5337898198430945,0.4982038318535549
higher_proxy_noise,1008,R1,0.43333333333333335,0.5640937316214458,0.4888812340719198
higher_proxy_noise,1009,R0,0.49166666666666664,0.5478998901692702,0.5387682253331155
higher_proxy_noise,1009,R1,0.4666666666666667,0.5786971801357599,0.5401173681267092
higher_proxy_noise,1010,R0,0.475,0.5078898062114139,0.48249531590084316
higher_proxy_noise,1010,R1,0.4583333333333333,0.5329125124268101,0.48850313639124265
higher_proxy_noise,1011,R0,0.49166666666666664,0.5433330553835203,0.5342775044604616
higher_proxy_noise,1011,R1,0.4583333333333333,0.55239408513941,0.5063612447111259
higher_proxy_noise,1012,R0,0.49166666666666664,0.5760966199519924,0.5664950096194592
higher_proxy_noise,1012,R1,0.44166666666666665,0.5971251273027218,0.5274605291174043
higher_proxy_noise,1013,R0,0.475,0.5437824843170385,0.5165933601011866
higher_proxy_noise,1013,R1,0.44166666666666665,0.57813406742579,0.5106850928927811
higher_proxy_noise,1014,R0,0.4666666666666667,0.5909866587480802,0.5515875481648749
higher_proxy_noise,1014,R1,0.4583333333333333,0.5849257471889867,0.5361819349232377
higher_proxy_noise,1015,R0,0.49166666666666664,0.5562202140175339,0.5469498771172414
higher_proxy_noise,1015,R1,0.4583333333333333,0.5737938904864833,0.5259777329459431
higher_proxy_noise,1016,R0,0.49166666666666664,0.554800657720104,0.5455539800914355
higher_proxy_noise,1016,R1,0.44166666666666665,0.5487390872343987,0.4847195270570522
higher_proxy_noise,1017,R0,0.475,0.6083419642810931,0.5779248660670383
higher_proxy_noise,1017,R1,0.48333333333333334,0.618456872286816,0.5978416432105889
higher_proxy_noise,1018,R0,0.475,0.5210014983575484,0.4949514234396709
higher_proxy_noise,1018,R1,0.4666666666666667,0.5633123386061449,0.5257581826990686
higher_proxy_noise,1019,R0,0.48333333333333334,0.556411659608911,0.537864604288614
higher_proxy_noise,1019,R1,0.45,0.5843688327990626,0.5259319495191562
lower_hiring_threshold,1000,R0,0.475,0.6340229776688083,0.602321828785368
lower_hiring_threshold,1000,R1,0.475,0.6254579020527472,0.5941850069501098
lower_hiring_threshold,1001,R0,0.4666666666666667,0.5691242208245875,0.5311826061029483
lower_hiring_threshold,1001,R1,0.4583333333333333,0.576681260751658,0.5286244890223532
lower_hiring_threshold,1002,R0,0.48333333333333334,0.5623733403295305,0.5436275623185461
lower_hiring_threshold,1002,R1,0.43333333333333335,0.5983935365484182,0.5186077316752958
lower_hiring_threshold,1003,R0,0.48333333333333334,0.5677400977336775,0.5488154278092217
lower_hiring_threshold,1003,R1,0.4666666666666667,0.5954213596584355,0.5557266023478732
lower_hiring_threshold,1004,R0,0.475,0.5667102877502905,0.5383747733627758
lower_hiring_threshold,1004,R1,0.4083333333333333,0.6146098523654601,0.5019313794317924
lower_hiring_threshold,1005,R0,0.5,0.532143945475338,0.5321439454753382
lower_hiring_threshold,1005,R1,0.44166666666666665,0.5713583094430865,0.5046998400080597
lower_hiring_threshold,1006,R0,0.4583333333333333,0.554588769151247,0.508373038388643
lower_hiring_threshold,1006,R1,0.44166666666666665,0.5773335541699149,0.5099779728500915
lower_hiring_threshold,1007,R0,0.475,0.5588587992199913,0.5309158592589918
lower_hiring_threshold,1007,R1,0.4166666666666667,0.5908724966652975,0.49239374722108126
lower_hiring_threshold,1008,R0,0.4583333333333333,0.5668483703944446,0.5196110061949075
lower_hiring_threshold,1008,R1,0.44166666666666665,0.5935600739379836,0.5243113986452189
lower_hiring_threshold,1009,R0,0.49166666666666664,0.5803485676136219,0.5706760914867282
lower_hiring_threshold,1009,R1,0.43333333333333335,0.6001551887711462,0.5201344969349933
lower_hiring_threshold,1010,R0,0.4666666666666667,0.547362991260795,0.5108721251767421
lower_hiring_threshold,1010,R1,0.44166666666666665,0.5529016573187703,0.48839646396491365
lower_hiring_threshold,1011,R0,0.49166666666666664,0.5338886649084142,0.5249905204932739
lower_hiring_threshold,1011,R1,0.45,0.57904746301248,0.5211427167112321
lower_hiring_threshold,1012,R0,0.49166666666666664,0.5815618423929503,0.5718691450197345
lower_hiring_threshold,1012,R1,0.475,0.5999472911319742,0.5699499265753756
lower_hiring_threshold,1013,R0,0.48333333333333334,0.5496913892679034,0.5313683429589733
lower_hiring_threshold,1013,R1,0.45,0.5882440264349655,0.5294196237914691
lower_hiring_threshold,1014,R0,0.5,0.5838044794533016,0.5838044794533015
lower_hiring_threshold,1014,R1,0.44166666666666665,0.600780909654439,0.5306898035280878
lower_hiring_threshold,1015,R0,0.5,0.5569212627316922,0.5569212627316922
lower_hiring_threshold,1015,R1,0.45,0.584178233854941,0.525760410469447
lower_hiring_threshold,1016,R0,0.4583333333333333,0.563221183171908,0.516286084574249
lower_hiring_threshold,1016,R1,0.45,0.5808875926208882,0.5227988333587994
lower_hiring_threshold,1017,R0,0.49166666666666664,0.614032443259956,0.6037985692056235
lower_hiring_threshold,1017,R1,0.4583333333333333,0.639562960464776,0.5862660470927114
lower_hiring_threshold,1018,R0,0.49166666666666664,0.5410096299985138,0.5319928028318719
lower_hiring_threshold,1018,R1,0.44166666666666665,0.5814559467938997,0.5136194196679447
lower_hiring_threshold,1019,R0,0.48333333333333334,0.5760714463584276,0.5568690648131466
lower_hiring_threshold,1019,R1,0.4666666666666667,0.5925250634655035,0.5530233925678033
higher_hiring_threshold,1000,R0,0.4666666666666667,0.63249677475616,0.5903303231057493
higher_hiring_threshold,1000,R1,0.425,0.6566918643831288,0.5581880847256595
higher_hiring_threshold,1001,R0,0.4666666666666667,0.5843632216087956,0.5454056735015426
higher_hiring_threshold,1001,R1,0.35,0.642196606047999,0.4495376242335992
higher_hiring_threshold,1002,R0,0.425,0.5905404389330624,0.501959373093103
higher_hiring_threshold,1002,R1,0.39166666666666666,0.6225276833038483,0.4876466852546812
higher_hiring_threshold,1003,R0,0.4583333333333333,0.5727953769208309,0.525062428844095
higher_hiring_threshold,1003,R1,0.36666666666666664,0.6362804261486165,0.4666056458423187
higher_hiring_threshold,1004,R0,0.4583333333333333,0.5973476057765732,0.5475686386285255
higher_hiring_threshold,1004,R1,0.38333333333333336,0.6327964369506626,0.4851439349955079
higher_hiring_threshold,1005,R0,0.475,0.54769781821302,0.520312927302369
higher_hiring_threshold,1005,R1,0.43333333333333335,0.5857664580360779,0.5076642636312675
higher_hiring_threshold,1006,R0,0.43333333333333335,0.5838328399963072,0.505988461330133
higher_hiring_threshold,1006,R1,0.35,0.6136447122889095,0.4295512986022367
higher_hiring_threshold,1007,R0,0.4583333333333333,0.5721464859150007,0.5244676120887506
higher_hiring_threshold,1007,R1,0.4,0.6138179040428161,0.49105432323425297
higher_hiring_threshold,1008,R0,0.4666666666666667,0.556298364467344,0.5192118068361878
higher_hiring_threshold,1008,R1,0.4,0.5887369502582538,0.47098956020660304
higher_hiring_threshold,1009,R0,0.45,0.5932519351676964,0.5339267416509267
higher_hiring_threshold,1009,R1,0.425,0.6009382882276771,0.5107975449935256
higher_hiring_threshold,1010,R0,0.4666666666666667,0.5410163801898688,0.5049486215105443
higher_hiring_threshold,1010,R1,0.35833333333333334,0.5873878697160912,0.4209613066298654
higher_hiring_threshold,1011,R0,0.43333333333333335,0.5812193896718459,0.503723471048933
higher_hiring_threshold,1011,R1,0.39166666666666666,0.5979208779571241,0.4683713543997473
higher_hiring_threshold,1012,R0,0.475,0.590889253692968,0.5613447910083195
higher_hiring_threshold,1012,R1,0.4,0.6455551362928419,0.5164441090342734
higher_hiring_threshold,1013,R0,0.4583333333333333,0.5750979169104081,0.5271730905012074
higher_hiring_threshold,1013,R1,0.38333333333333336,0.6005844041496022,0.4604480431813618
higher_hiring_threshold,1014,R0,0.44166666666666665,0.5919991581364991,0.5229325896872408
higher_hiring_threshold,1014,R1,0.4166666666666667,0.619219407191361,0.5160161726594675
higher_hiring_threshold,1015,R0,0.4666666666666667,0.5780087364613371,0.5394748206972478
higher_hiring_threshold,1015,R1,0.39166666666666666,0.6091148342086558,0.47713995346344706
higher_hiring_threshold,1016,R0,0.4583333333333333,0.5796408003665882,0.5313374003360392
higher_hiring_threshold,1016,R1,0.425,0.5912073442591954,0.5025262426203161
higher_hiring_threshold,1017,R0,0.4583333333333333,0.6212354298736492,0.5694658107175117
higher_hiring_threshold,1017,R1,0.43333333333333335,0.650944602027876,0.5641519884241591
higher_hiring_threshold,1018,R0,0.45,0.5706040439394618,0.5135436395455156
higher_hiring_threshold,1018,R1,0.4,0.6009218025870513,0.480737442069641
higher_hiring_threshold,1019,R0,0.48333333333333334,0.5927802103791558,0.5730208700331839
higher_hiring_threshold,1019,R1,0.35833333333333334,0.6390238257905841,0.45796707514991863
