contrast,metric,n,mean_diff,sd_diff,ci_low,ci_high,cohen_dz,p_value,mcse
R1-R0,placement_rate,40,-0.04229166666666666,0.024560778440571404,-0.050146584684544505,-0.03443674864878881,-1.7219188214656094,2.1644345551948343e-13,0.0038834000489482057
R1-R0,ground_truth_fit,40,0.029286179528137744,0.014155228729261227,0.02475911775516939,0.0338132413011061,2.0689301521209833,7.576413401038096e-16,0.0022381381792558205
R1-R0,search_rounds,40,0.20155110879670515,0.18959481862912533,0.14091574414205163,0.26218647345135865,1.0630623255109521,5.149262578948973e-08,0.029977572971727935
R1-R0,applications_per_hire,40,0.6059318184999924,0.5684485272808909,0.4241331597164838,0.7877304772835011,1.0659396399501615,4.860030564402748e-08,0.08987960393879883
R1-R0,fill_rate,40,-0.0845833333333333,0.04912155688114281,-0.100293169369089,-0.06887349729757761,-1.721918821465609,2.1644345551948528e-13,0.007766800097896411
R1-R0,vacancy_duration,40,0.7308333333333333,0.3403021533219494,0.6219994247453358,0.8396672419213309,2.147601260230388,2.282289864316879e-16,0.05380649485785976
R1-R0,credential_sensitivity,40,-0.010996260367817054,0.00837730080666902,-0.013675451143740858,-0.00831706959189325,-1.312625703861932,3.7627769792582053e-10,0.0013245675596719993
R1-R0,investment_alignment,40,-0.0013366079559142708,0.013611397272254076,-0.005689743991118639,0.003016528079290098,-0.09819770367285192,0.5381753987304804,0.002152150875886294
R1-R0,total_gap_reduction,40,0.00029695070496581005,0.000417709222694847,0.0001633608145835258,0.00043054059534809426,0.7109029172256133,6.050040929732923e-05,6.604562716871065e-05
R1-R0,evidence_conversion,40,0.0,0.0,,,,,0.0
R1-R0,evidence_opportunity_gap,40,0.065,0.10727125666795605,0.030692987751168202,0.0993070122488318,0.6059405102449661,0.0004505563669100982,0.016961074926963284
R2-R1,placement_rate,40,-0.00020833333333333953,0.024640398059370225,-0.00808871494064068,0.0076720482739740005,-0.008454949990311328,0.9576273884585791,0.0038959890160401374
R2-R1,ground_truth_fit,40,0.0036015291474593204,0.013471838535240218,-0.0007069738383254256,0.007910032133244066,0.2673376123116592,0.0988548808909077,0.002130084702069282
R2-R1,search_rounds,40,-0.00888828941731088,0.19897554673956427,-0.072523756468303,0.05474717763368125,-0.0446702600543403,0.7790392012125894,0.031460796318715664
R2-R1,applications_per_hire,40,-0.026664868251932594,0.5969266402186928,-0.21757126940490898,0.1642415329010438,-0.04467026005434023,0.7790392012125896,0.09438238895614699
R2-R1,fill_rate,40,-0.00041666666666666794,0.04928079611874047,-0.016177429881281354,0.015344096547948017,-0.008454949990311099,0.9576273884585803,0.007791978032080277
R2-R1,vacancy_duration,40,0.06916666666666668,0.31053556347435657,-0.030147424644757767,0.16848075797809114,0.2227334798398327,0.16684989733042013,0.04909998375313787
R2-R1,credential_sensitivity,40,-0.016832970918115753,0.007295315381799549,-0.01916612596762914,-0.014499815868602366,-2.3073671304342613,2.1781693019927148e-17,0.001153490642787373
R2-R1,investment_alignment,40,0.2691948397001632,0.01937560945622094,0.2629982191739331,0.2753914602263933,13.893490179413822,1.8964584422311707e-46,0.003063552846777734
R2-R1,total_gap_reduction,40,0.007668736724649546,0.0008635855547103541,0.007392548665297646,0.007944924784001446,8.880112321033014,6.300342565067458e-39,0.00013654486536523352
R2-R1,evidence_conversion,40,0.0,0.0,,,,,0.0
R2-R1,evidence_opportunity_gap,40,-0.023333333333333324,0.08711913446392582,-0.05119538423120761,0.004528717564540964,-0.26783247419652867,0.0982535217967646,0.013774744634423887
R3-R2,placement_rate,40,0.001249999999999997,0.02442719865617083,-0.006562197130270353,0.009062197130270348,0.05117246629851354,0.7479374553201588,0.0038622792305452033
R3-R2,ground_truth_fit,40,0.0006195021236335502,0.013277690480674956,-0.003626909301998466,0.0048659135492655665,0.04665737046176863,0.7694925839093033,0.002099387199283438
R3-R2,search_rounds,40,0.03286040224076316,0.19534145287598764,-0.029612825207899672,0.09533362968942599,0.16822032270654075,0.293908754844841,0.030886195626728494
R3-R2,applications_per_hire,40,0.09858120672228957,0.5860243586279628,-0.0888384756236989,0.28600088906827803,0.16822032270654091,0.2939087548448406,0.09265858688018545
R3-R2,fill_rate,40,0.0025000000000000022,0.048854397312341646,-0.013124394260540694,0.0181243942605407,0.05117246629851372,0.7479374553201579,0.007724558461090405
R3-R2,vacancy_duration,40,-0.029166666666666664,0.29614690856565,-0.12387904289121392,0.0655457095578806,-0.09848715560777492,0.5369840740244811,0.046824937654254134
R3-R2,credential_sensitivity,40,-0.0020335236125442403,0.008662637563314474,-0.004803969510383676,0.000736922285295196,-0.23474647273205082,0.14567047320723575,0.0013696832622302401
R3-R2,investment_alignment,40,-0.004290069266778983,0.018908992882608323,-0.010337458572981632,0.0017573200394236663,-0.2268798393131135,0.15928290604785458,0.002989774288447759
R3-R2,total_gap_reduction,40,0.004849039180535007,0.00169459436400299,0.004307081610460056,0.005390996750609959,2.861474865926352,1.4210873681347095e-20,0.0002679388950166949
R3-R2,evidence_conversion,40,0.07675465190141757,0.013740053695745246,0.0723603695458129,0.08114893425702224,5.586197376010653,3.143971458914062e-31,0.0021724932425784584
R3-R2,evidence_opportunity_gap,40,0.005833333333333331,0.08701687952309782,-0.021996014847928354,0.03366268151459502,0.06703680211590358,0.673911374244998,0.013758576708672777
R3-R0,placement_rate,40,-0.041249999999999995,0.02232481659269424,-0.048389822726876586,-0.034110177273123404,-1.8477195469323133,2.5973369728701563e-14,0.0035298634389216675
R3-R0,ground_truth_fit,40,0.03350721079923062,0.015583106541947556,0.028523491547537135,0.038490930050924105,2.150226638638058,2.193805505245216e-16,0.0024639054846812237
R3-R0,search_rounds,40,0.22552322162015742,0.1738714819842471,0.1699164239798538,0.28113001926046105,1.297068495916944,5.077677367021764e-10,0.02749149516095767
R3-R0,applications_per_hire,40,0.6778481569703494,0.5202649094741224,0.5114593667540245,0.8442369471866743,1.302890401844534,4.538403012345009e-10,0.08226110502997706
R3-R0,fill_rate,40,-0.08249999999999996,0.04464963318538848,-0.09677964545375314,-0.06822035454624678,-1.8477195469323127,2.5973369728702068e-14,0.007059726877843335
R3-R0,vacancy_duration,40,0.7708333333333333,0.33454374253528585,0.6638410538594922,0.8778256128071743,2.3041331680326675,2.2816819975913833e-17,0.05289601016842282
R3-R0,credential_sensitivity,40,-0.02986275489847705,0.012702089566840626,-0.03392508022113297,-0.025800429575821137,-2.351011204993792,1.1692173760523816e-17,0.0020083767037338976
R3-R0,investment_alignment,40,0.26356816247747006,0.017770494696237798,0.2578848825556292,0.2692514423993109,14.831785326340421,1.5001393804189083e-47,0.002809761919402673
R3-R0,total_gap_reduction,40,0.012814726610150363,0.0015900167208564957,0.012306214592927339,0.013323238627373387,8.059491728645119,2.6309842457128324e-37,0.0002514037177829339
R3-R0,evidence_conversion,40,0.07675465190141757,0.013740053695745246,0.0723603695458129,0.08114893425702224,5.586197376010653,3.143971458914062e-31,0.0021724932425784584
R3-R0,evidence_opportunity_gap,40,0.0475,0.10987885066454699,0.012359038732952313,0.08264096126704769,0.43229429242042605,0.009358774406609538,0.01737337173907372
