seed,regime,placement_rate,ground_truth_fit,search_rounds,applications_per_hire,fill_rate,vacancy_duration,credential_sensitivity,investment_alignment,mean_step_gap_reduction,total_gap_reduction,evidence_conversion,task_acceptance,realized_gain,evidence_opportunity_gap
1000,R0,0.4666666666666667,0.6326554392144796,1.7857142857142858,5.357142857142857,0.9333333333333332,2.066666666666667,0.1689133504505226,0.072429906542056,0.000789646848889,0.002816407094371,0.0,0.0,0.0104778346865793,0.0333333333333333
1000,R1,0.4583333333333333,0.6350552206575565,1.963636363636364,5.890909090909091,0.9166666666666666,2.5,0.1581139589860617,0.0812641083521444,0.0007855467008178,0.0028999765705191,0.0,0.0,0.0107191703752236,0.0666666666666666
1000,R2,0.45,0.6369075890460465,2.1481481481481484,6.444444444444445,0.9,2.833333333333333,0.1411802548746006,0.3370305676855895,0.0031024707009014,0.0098803118205092,0.0,0.5655021834061136,0.0158800473072695,0.2
1000,R3,0.4333333333333333,0.6418241642092752,2.1923076923076925,6.576923076923077,0.8666666666666667,3.0,0.1386629134449153,0.3325957446808511,0.0046843787933387,0.0154064495815682,0.0881458966565349,0.274468085106383,0.0224319010425829,0.0666666666666666
1001,R0,0.4666666666666667,0.5811810655972484,2.017857142857143,6.053571428571429,0.9333333333333332,2.2666666666666666,0.2115261699891538,0.0680272108843537,0.0007268796400835,0.0026712826773068,0.0,0.0,0.0103236289088649,0.1666666666666666
1001,R1,0.425,0.5934222874974043,2.117647058823529,6.352941176470588,0.85,3.2333333333333334,0.1851481330114448,0.0764331210191082,0.000712863929302,0.0027979909225103,0.0,0.0,0.0099737598882279,0.3333333333333333
1001,R2,0.4083333333333333,0.609908464004823,2.204081632653061,6.612244897959184,0.8166666666666667,3.1333333333333333,0.1750723863374732,0.3455670103092783,0.0030337311087463,0.0104107872653838,0.0,0.5670103092783505,0.0162442437421146,0.2666666666666666
1001,R3,0.3916666666666666,0.6172104912750083,2.191489361702128,6.574468085106383,0.7833333333333333,3.433333333333333,0.1666590912401179,0.3718623481781377,0.0053078888934046,0.0170909613335273,0.0790816326530612,0.2935222672064777,0.0252011007770111,0.3666666666666666
1002,R0,0.45,0.5828109498517207,2.111111111111111,6.333333333333333,0.9,2.6333333333333333,0.1548016011479878,0.0855263157894736,0.00099819731829,0.0037931498095022,0.0,0.0,0.0108452482577766,-0.0666666666666667
1002,R1,0.4166666666666667,0.6047863237199878,2.38,7.14,0.8333333333333334,3.033333333333333,0.1486827713002922,0.0674846625766871,0.0007849780325621,0.0031987854826907,0.0,0.0,0.0098799480929728,0.1666666666666666
1002,R2,0.4,0.6118328054664433,2.208333333333333,6.625,0.8,3.2666666666666666,0.1293757428132197,0.3249795918367346,0.0030786504782087,0.0106880078396891,0.0,0.536734693877551,0.016331743052564,0.0666666666666666
1002,R3,0.3916666666666666,0.6256828817872165,2.191489361702128,6.574468085106383,0.7833333333333333,3.1333333333333333,0.1405279421782402,0.3338663967611336,0.0042999132151293,0.0158387804460472,0.069164265129683,0.242914979757085,0.0206682150394648,0.1333333333333333
1003,R0,0.475,0.56771762624011,2.1052631578947367,6.315789473684211,0.95,2.333333333333333,0.2151117986330152,0.0793650793650793,0.0008676014625236,0.0031884353747744,0.0,0.0,0.0109885176288289,0.1666666666666666
1003,R1,0.375,0.6265220909901917,1.8888888888888888,5.666666666666667,0.75,3.1,0.1934413968569715,0.0979591836734693,0.000960686563922,0.0039228034693482,0.0,0.0,0.010367197817075,0.2666666666666666
1003,R2,0.4416666666666666,0.6070653603370414,2.037735849056604,6.113207547169812,0.8833333333333333,2.566666666666667,0.1660176001572258,0.3862582056892779,0.0035151338075037,0.0107945951044127,0.0,0.5973741794310722,0.0166599649660607,0.3666666666666666
1003,R3,0.4333333333333333,0.6012184030227193,2.326923076923077,6.980769230769231,0.8666666666666667,2.7,0.1599267766976856,0.3425786163522013,0.0054019279080514,0.0188013222898583,0.086092715231788,0.3039832285115304,0.0230795202276684,0.2666666666666666
1004,R0,0.4583333333333333,0.5786591859258591,1.963636363636364,5.890909090909091,0.9166666666666666,2.466666666666667,0.2167163312510514,0.0677200902934537,0.0007680267851103,0.0028352988816991,0.0,0.0,0.0101702659277689,0.2333333333333332
1004,R1,0.4083333333333333,0.6269718012674598,2.183673469387755,6.551020408163265,0.8166666666666667,3.2333333333333334,0.2036329397748933,0.0723140495867768,0.0008761723001726,0.0035338949440296,0.0,0.0,0.0115515431960364,0.0333333333333333
1004,R2,0.4333333333333333,0.6192661503456224,2.3846153846153846,7.153846153846154,0.8666666666666667,3.1666666666666665,0.1854266750896274,0.3488333333333333,0.0033481876954246,0.0108683535125569,0.0,0.5791666666666667,0.0174118302910876,0.0
1004,R3,0.4333333333333333,0.6159515948713984,2.2884615384615383,6.865384615384615,0.8666666666666667,3.033333333333333,0.1870405897864991,0.3477684210526315,0.0049878951782129,0.0169730778165916,0.0895953757225433,0.3178947368421053,0.0239550408022158,0.0
1005,R0,0.5,0.53805738840718,1.8333333333333333,5.5,1.0,1.5333333333333334,0.2058318763634407,0.0756097560975609,0.0006996506424953,0.0023904730285259,0.0,0.0,0.0104474674851769,0.3
1005,R1,0.4166666666666667,0.5882515079612579,2.0,6.0,0.8333333333333334,2.7666666666666666,0.2047030945166012,0.0851063829787234,0.0008252460426357,0.0032322136669901,0.0,0.0,0.0106245915028023,0.3
1005,R2,0.4333333333333333,0.577536926214425,2.0576923076923075,6.173076923076923,0.8666666666666667,2.7333333333333334,0.1918889041374716,0.348596112311015,0.0031594580783212,0.0102271500411376,0.0,0.5961123110151187,0.0175887632916008,0.3666666666666666
1005,R3,0.4583333333333333,0.5745613748954046,2.327272727272727,6.9818181818181815,0.9166666666666666,2.966666666666667,0.1869946932470114,0.3433045356371491,0.0046705385746796,0.0148619047764566,0.1005586592178771,0.285097192224622,0.0243818046628317,0.2333333333333333
1006,R0,0.45,0.5516184612678237,2.092592592592593,6.277777777777778,0.9,2.466666666666667,0.206308944369565,0.0637362637362637,0.0007368815553285,0.0027940092306208,0.0,0.0,0.010388444796242,0.3333333333333333
1006,R1,0.4333333333333333,0.586650888096569,2.1538461538461537,6.461538461538462,0.8666666666666667,2.6666666666666665,0.2065795808414314,0.0641025641025641,0.0007300922449682,0.0028473597553761,0.0,0.0,0.0107281170758021,0.2333333333333333
1006,R2,0.3833333333333333,0.5993006907338054,2.152173913043478,6.456521739130435,0.7666666666666667,3.633333333333333,0.1857891593519195,0.3346478873239436,0.0033736856499314,0.0118832549384132,0.0,0.5875251509054326,0.0180484853200977,0.2
1006,R3,0.425,0.5741466868867434,2.313725490196078,6.941176470588236,0.85,3.2666666666666666,0.1840659740452634,0.3411018711018711,0.0041673385388785,0.0143771463829914,0.0792349726775956,0.2681912681912682,0.0226271886012222,0.3333333333333333
1007,R0,0.475,0.5467141423258167,2.017543859649123,6.052631578947368,0.95,2.066666666666667,0.1710862125191586,0.0688073394495412,0.0009512706739264,0.0034562834485993,0.0,0.0,0.0113424872762009,0.0
1007,R1,0.4166666666666667,0.5849341461068128,2.14,6.42,0.8333333333333334,3.3,0.1611765877679211,0.0670859538784067,0.0010677078136151,0.0042441385591202,0.0,0.0,0.0111244724690611,0.2333333333333333
1007,R2,0.4416666666666666,0.5812883785300276,2.150943396226415,6.452830188679245,0.8833333333333333,2.933333333333333,0.1411123441891881,0.3598272138228941,0.0034293089299779,0.0114878423217605,0.0,0.5831533477321814,0.0171506794447461,0.1333333333333333
1007,R3,0.4083333333333333,0.5881478487779853,2.142857142857143,6.428571428571429,0.8166666666666667,3.433333333333333,0.1477365867886469,0.342344398340249,0.0044757552426702,0.0149672822768856,0.0744047619047619,0.2821576763485477,0.0218151262040445,0.1666666666666666
1008,R0,0.4583333333333333,0.5608978005648432,1.7636363636363637,5.290909090909091,0.9166666666666666,2.2,0.1830845418101157,0.0648148148148148,0.0008508657916988,0.0030631168501158,0.0,0.0,0.0109850171566826,0.0333333333333333
1008,R1,0.4166666666666667,0.5935664399362721,2.2,6.6,0.8333333333333334,3.0,0.1747251930027995,0.08125,0.0007963921915491,0.0031855687661965,0.0,0.0,0.0103493097527606,0.1666666666666666
1008,R2,0.4166666666666667,0.6028961956726161,2.18,6.54,0.8333333333333334,3.2,0.164276445802867,0.3495615866388308,0.0036118433895166,0.0125122465236162,0.0,0.5741127348643006,0.0179296659802702,0.1333333333333333
1008,R3,0.425,0.5995034291696328,2.156862745098039,6.470588235294118,0.85,2.8666666666666667,0.1658042708609373,0.3342071881606765,0.0049395532238492,0.0161458340494644,0.0790273556231003,0.2769556025369979,0.0233859565972427,0.0666666666666667
1009,R0,0.4666666666666667,0.5804998541696751,1.8571428571428568,5.571428571428571,0.9333333333333332,2.1666666666666665,0.198537446763232,0.0717592592592592,0.0008195003491285,0.0029502012568628,0.0,0.0,0.0104558084563517,0.0
1009,R1,0.4666666666666667,0.5779116354940635,2.0,6.0,0.9333333333333332,2.466666666666667,0.186092772340556,0.075,0.0008779046755511,0.0032189838103541,0.0,0.0,0.0106650775441447,0.2333333333333333
1009,R2,0.4666666666666667,0.5915965120664178,2.4107142857142856,7.232142857142857,0.9333333333333332,2.6,0.1744641785229237,0.3498056155507559,0.0033498638341849,0.0112900572676186,0.0,0.5961123110151187,0.017683992158856,0.2
1009,R3,0.45,0.6033020056927809,2.314814814814815,6.944444444444445,0.9,3.0,0.1700351703010598,0.3389079229122055,0.0054404840427997,0.0176278407887807,0.0985074626865671,0.3404710920770878,0.0260718208260531,0.1333333333333333
1010,R0,0.45,0.529161391269008,1.9074074074074077,5.722222222222222,0.9,2.3666666666666667,0.2024755470233858,0.0786516853932584,0.0009018976774095,0.0033445372203937,0.0,0.0,0.0110319844349718,0.1333333333333333
1010,R1,0.4166666666666667,0.5660663912441144,2.28,6.84,0.8333333333333334,3.1,0.1842810864091097,0.0640495867768595,0.000884807951551,0.0035687254045891,0.0,0.0,0.0104759825573566,0.1
1010,R2,0.4166666666666667,0.5574859330165896,2.38,7.14,0.8333333333333334,3.633333333333333,0.1638370688720915,0.3662985685071574,0.003513693160236,0.0128732383724475,0.0,0.5705521472392638,0.017323882480189,0.1666666666666666
1010,R3,0.3666666666666666,0.5894746814842667,2.340909090909091,7.0227272727272725,0.7333333333333333,3.6666666666666665,0.1605058771533254,0.3626990291262136,0.0053480700952949,0.0192229463572478,0.0750670241286863,0.3223300970873786,0.0239285829985409,0.1333333333333333
1011,R0,0.4833333333333333,0.547673047660515,2.206896551724138,6.620689655172414,0.9666666666666668,2.3,0.1961423611053302,0.0746606334841629,0.0008765343848898,0.0032285683176774,0.0,0.0,0.0097328153378433,0.2
1011,R1,0.4166666666666667,0.5720581120411666,2.1,6.3,0.8333333333333334,2.933333333333333,0.178585533230115,0.0694736842105263,0.0008792783330455,0.003480476734972,0.0,0.0,0.0096277422175137,0.3333333333333333
1011,R2,0.4,0.6073621951812851,2.1666666666666665,6.5,0.8,3.4,0.161708173026593,0.3702459016393442,0.0036428874629549,0.0128249766632714,0.0,0.5901639344262295,0.0170979694947675,0.1
1011,R3,0.4166666666666667,0.6001661574535737,2.14,6.42,0.8333333333333334,2.8,0.1735459553629306,0.3427882599580713,0.00421159377104,0.0122100060613331,0.0530973451327433,0.2515723270440251,0.0200025943584314,0.2666666666666666
1012,R0,0.475,0.588698735618744,1.8070175438596487,5.421052631578948,0.95,1.9666666666666663,0.2161923319173452,0.0896226415094339,0.0008274115036123,0.002923520646097,0.0,0.0,0.0108715797554568,0.1333333333333333
1012,R1,0.425,0.6234533098482856,2.2549019607843137,6.764705882352941,0.85,3.0,0.2211898331259449,0.0899581589958159,0.0009114191337881,0.0036304862162562,0.0,0.0,0.0102290564118767,0.3666666666666666
1012,R2,0.4,0.6268162078767184,1.8958333333333333,5.6875,0.8,3.1666666666666665,0.204578724751008,0.3725473684210525,0.0032682418690745,0.0109395098010774,0.0,0.5831578947368421,0.0160661044766092,0.2666666666666666
1012,R3,0.4416666666666666,0.6134084552679072,2.056603773584906,6.169811320754717,0.8833333333333333,2.8,0.2029178530506779,0.3337991266375546,0.0046392849955169,0.0161567740597661,0.0861538461538461,0.2707423580786026,0.0215559475389896,0.3333333333333333
1013,R0,0.4666666666666667,0.5789645796235119,2.0892857142857144,6.267857142857143,0.9333333333333332,2.433333333333333,0.1748054621777264,0.0921348314606741,0.0008595870220241,0.0031876352066727,0.0,0.0,0.010906071295729,0.2333333333333333
1013,R1,0.4416666666666666,0.5853730787536149,2.4716981132075477,7.415094339622642,0.8833333333333333,2.966666666666667,0.1626827756845909,0.0833333333333333,0.0008758780513316,0.0035035122053266,0.0,0.0,0.0105792485506303,0.3666666666666666
1013,R2,0.45,0.5821699546328657,2.111111111111111,6.333333333333333,0.9,2.6333333333333333,0.1336948871074314,0.3337719298245614,0.0033220310737726,0.0109830380816685,0.0,0.5548245614035088,0.0163147943546137,0.2666666666666666
1013,R3,0.45,0.5748292974781527,2.111111111111111,6.333333333333333,0.9,2.6,0.1512198451610704,0.3359649122807018,0.0047651430020306,0.0139712883154127,0.0557275541795665,0.2543859649122807,0.0218388326655215,0.4333333333333333
1014,R0,0.45,0.5804421446241843,1.9444444444444444,5.833333333333333,0.9,2.3,0.2018212651209795,0.0715883668903803,0.0008479147893026,0.0031584825901524,0.0,0.0,0.0100400659864719,0.2666666666666666
1014,R1,0.4166666666666667,0.621542627461348,2.24,6.72,0.8333333333333334,2.8,0.1949361864888441,0.0788381742738589,0.0008442544097332,0.0033910885457619,0.0,0.0,0.01035386716317,0.2
1014,R2,0.45,0.6051157829557304,2.240740740740741,6.722222222222222,0.9,2.7,0.1783847242261114,0.3339092872570194,0.0030896153277234,0.0097083533044606,0.0,0.531317494600432,0.0157618978082234,0.2666666666666666
1014,R3,0.4333333333333333,0.6268230204084392,2.2115384615384617,6.634615384615385,0.8666666666666667,3.1,0.1765513125870603,0.3246072186836518,0.0041201819724243,0.0146312368888196,0.0548780487804878,0.2314225053078556,0.0197603971963289,0.1333333333333333
1015,R0,0.4916666666666666,0.5583006110716978,1.8983050847457628,5.694915254237288,0.9833333333333332,1.8333333333333333,0.2124453071183251,0.0787589498806682,0.0008228040994957,0.002872957647406,0.0,0.0,0.0102874149632213,0.2333333333333333
1015,R1,0.4083333333333333,0.5925985915956509,2.0408163265306123,6.122448979591836,0.8166666666666667,3.2666666666666666,0.1955682617216256,0.0796645702306079,0.0009207535478093,0.003659995352542,0.0,0.0,0.0098810293081577,0.3666666666666666
1015,R2,0.4333333333333333,0.6019725465479433,1.9615384615384612,5.884615384615385,0.8666666666666667,2.7,0.1878432215322791,0.3407860262008733,0.0031368227756908,0.0100004413391341,0.0,0.5807860262008734,0.0167108319513524,0.2333333333333333
1015,R3,0.4666666666666667,0.584251675393266,2.5357142857142856,7.607142857142857,0.9333333333333332,2.8666666666666667,0.1689916338982051,0.3544468085106383,0.004205365703575,0.0142689500228085,0.0483870967741935,0.2723404255319149,0.0208430582432993,0.3666666666666666
1016,R0,0.475,0.5578758031259173,2.0,6.0,0.95,2.1,0.2076186425677496,0.0735632183908046,0.0007540294922799,0.0027333569095149,0.0,0.0,0.0107853595114539,0.3666666666666666
1016,R1,0.4416666666666666,0.5769013803865602,2.547169811320755,7.641509433962264,0.8833333333333333,3.1333333333333333,0.2073912525752546,0.0743801652892562,0.0007369115235524,0.0029722098116615,0.0,0.0,0.0105471467011728,0.4666666666666666
1016,R2,0.4083333333333333,0.5973664258737289,1.9183673469387756,5.755102040816326,0.8166666666666667,2.7666666666666666,0.1952420440101613,0.3588959660297239,0.0035580109189569,0.0118314705870352,0.0,0.6029723991507431,0.0177838870983169,0.4666666666666666
1016,R3,0.4583333333333333,0.5921338596491305,2.272727272727273,6.818181818181818,0.9166666666666666,2.6666666666666665,0.1969288330470714,0.3445652173913043,0.004515652856279,0.0150837550461224,0.0708446866485013,0.3065217391304348,0.0221601354110779,0.4999999999999999
1017,R0,0.4916666666666666,0.6078008758059844,1.8644067796610169,5.593220338983051,0.9833333333333332,1.7,0.1610381448165251,0.0623501199040767,0.000743903089991,0.0025850632377187,0.0,0.0,0.0101787623164643,0.1666666666666666
1017,R1,0.4333333333333333,0.6424364414070977,1.9038461538461535,5.711538461538462,0.8666666666666667,2.6,0.1494793484381304,0.0791208791208791,0.0008949160460636,0.0033932233413246,0.0,0.0,0.0102197897999811,0.2333333333333333
1017,R2,0.4666666666666667,0.6336906329171424,2.071428571428572,6.214285714285714,0.9333333333333332,2.6333333333333333,0.1284642770860385,0.3414414414414413,0.0031482592542164,0.0099607085585763,0.0,0.5540540540540541,0.0164298066762565,0.1333333333333333
1017,R3,0.45,0.6461309242201945,2.0185185185185186,6.055555555555555,0.9,2.2666666666666666,0.1242248664901565,0.3056541019955655,0.0040898319289534,0.0115829203135726,0.046583850931677,0.2261640798226164,0.0200194298585608,0.1333333333333333
1018,R0,0.475,0.5451457812013873,1.9824561403508767,5.947368421052632,0.95,2.1333333333333333,0.2068728904153337,0.0967741935483871,0.0009784106069011,0.0035385850282923,0.0,0.0,0.010849176071005,0.1666666666666666
1018,R1,0.4583333333333333,0.5718989735486901,2.018181818181818,6.054545454545455,0.9166666666666666,2.2666666666666666,0.1822158412365093,0.0941704035874439,0.0009584326560468,0.003562174704974,0.0,0.0,0.010723760996757,0.2333333333333333
1018,R2,0.425,0.5929289145548533,1.9215686274509804,5.764705882352941,0.85,2.7666666666666666,0.1551147307014214,0.3379609544468546,0.0033553019350271,0.0108057170173283,0.0,0.5726681127982647,0.0178210922601144,0.2666666666666666
1018,R3,0.4333333333333333,0.5975073466050467,2.25,6.75,0.8666666666666667,2.8666666666666667,0.1483195243137501,0.3314164904862579,0.0055631314924752,0.0189770686859984,0.1012269938650306,0.2980972515856236,0.0254936538267227,0.2
1019,R0,0.4833333333333333,0.5949634712540184,2.0,6.0,0.9666666666666668,2.0,0.1529300316367624,0.0697674418604651,0.0008512618315792,0.0030503548964923,0.0,0.0,0.0106223434197216,0.1666666666666666
1019,R1,0.425,0.6245958212735615,2.215686274509804,6.647058823529412,0.85,3.0,0.1484959489134118,0.0924369747899159,0.0009379806357679,0.0037206565218795,0.0,0.0,0.0104465463216719,0.2
1019,R2,0.425,0.6298534865253154,2.313725490196078,6.941176470588236,0.85,3.0,0.1462432931982502,0.3471933471933471,0.0032853086297328,0.0113200350482522,0.0,0.5571725571725572,0.0166761225032001,0.2
1019,R3,0.45,0.6220222224009645,2.259259259259259,6.777777777777778,0.9,2.7,0.1422213330369877,0.3607112068965517,0.0049446287419794,0.0172970048056827,0.0955414012738853,0.2586206896551724,0.0228296928562575,0.2
1020,R0,0.4833333333333333,0.5600564448225189,1.9655172413793105,5.896551724137931,0.9666666666666668,1.9333333333333331,0.1955330149032599,0.0957943925233644,0.0007871867916264,0.0028076328901342,0.0,0.0,0.0101096366722755,0.2666666666666666
1020,R1,0.425,0.6003928800128244,2.3529411764705883,7.0588235294117645,0.85,3.0,0.1788135945433475,0.0766045548654244,0.0007655859853228,0.0030814835909245,0.0,0.0,0.0103057951846115,0.2333333333333333
1020,R2,0.4083333333333333,0.6077096221272877,2.061224489795918,6.183673469387755,0.8166666666666667,3.033333333333333,0.1493900426320126,0.3376569037656903,0.0030515155300675,0.0099432576976022,0.0,0.5732217573221757,0.0161612091679643,0.3333333333333333
1020,R3,0.4,0.6193041079991453,2.1041666666666665,6.3125,0.8,3.1666666666666665,0.1598216589722614,0.3384948453608247,0.0041500425162157,0.014637620102804,0.0681198910081744,0.2701030927835051,0.0216615372481342,0.3333333333333333
1021,R0,0.4583333333333333,0.5372746799106799,2.145454545454545,6.4363636363636365,0.9166666666666666,2.7666666666666666,0.2034960158127728,0.0816777041942604,0.0009267643692871,0.003498535494059,0.0,0.0,0.0113308499801874,0.2333333333333332
1021,R1,0.3833333333333333,0.5834209431706758,1.9565217391304348,5.869565217391305,0.7666666666666667,3.433333333333333,0.187755391148884,0.0758196721311475,0.0009076561591365,0.0036911350471552,0.0,0.0,0.0110534483194707,0.1333333333333333
1021,R2,0.3916666666666666,0.5702889051029625,2.0,6.0,0.7833333333333333,3.3666666666666667,0.1825524604821733,0.3609896907216494,0.0036225500723027,0.012370544931219,0.0,0.6206185567010309,0.0180836897934973,0.1666666666666666
1021,R3,0.3916666666666666,0.5874553506599607,2.382978723404255,7.148936170212766,0.7833333333333333,3.6666666666666665,0.1620812696996707,0.3641749502982108,0.0046861456753906,0.0155389925466528,0.073972602739726,0.2584493041749503,0.0225532109502538,0.0999999999999999
1022,R0,0.4833333333333333,0.5797504998029152,1.827586206896552,5.482758620689655,0.9666666666666668,1.7333333333333334,0.1734636375101259,0.069047619047619,0.0007853047503778,0.0027485666263224,0.0,0.0,0.01021736552373,0.0999999999999999
1022,R1,0.4416666666666666,0.6070329383395393,2.452830188679245,7.358490566037735,0.8833333333333333,3.1,0.1693067027150243,0.0605427974947807,0.0007439936945338,0.0029697748306807,0.0,0.0,0.0098884275111548,0.3
1022,R2,0.4416666666666666,0.615684522640183,2.39622641509434,7.188679245283019,0.8833333333333333,3.0,0.1518941523512412,0.318235294117647,0.003029656177941,0.0106800367615108,0.0,0.5819327731092437,0.0154887616115369,0.3
1022,R3,0.425,0.6231122548637367,2.1372549019607843,6.411764705882353,0.85,3.1,0.1530058262160233,0.3312288135593221,0.0048302152339633,0.0162088531909714,0.0933734939759036,0.2902542372881356,0.0229188371340663,0.1666666666666666
1023,R0,0.4666666666666667,0.5612289439034595,2.142857142857143,6.428571428571429,0.9333333333333332,2.533333333333333,0.1762187747256746,0.0915178571428571,0.0008608567759052,0.0032138652967128,0.0,0.0,0.0099529830593629,0.2
1023,R1,0.45,0.5751819564953192,2.259259259259259,6.777777777777778,0.9,2.6666666666666665,0.1726847319354687,0.0948275862068965,0.0009485030137973,0.0036675449866831,0.0,0.0,0.010313826356189,0.3666666666666666
1023,R2,0.4083333333333333,0.6009708233864388,2.0408163265306123,6.122448979591836,0.8166666666666667,3.0,0.1551853502379758,0.3549685534591194,0.0037189768760727,0.0122133448368485,0.0,0.5828092243186582,0.0170302813336419,0.3999999999999999
1023,R3,0.4416666666666666,0.5735158923963473,2.30188679245283,6.90566037735849,0.8833333333333333,2.966666666666667,0.1498672955850376,0.3529511677282378,0.005083491789034,0.0167441635401772,0.0735785953177257,0.2951167728237792,0.0216342750521908,0.3666666666666666
1024,R0,0.425,0.5833002859053116,1.9019607843137252,5.705882352941177,0.85,2.7,0.2150723518491674,0.0956521739130434,0.0008266845329367,0.0031689573762575,0.0,0.0,0.0101394453201371,0.3
1024,R1,0.4333333333333333,0.5958605776595214,2.230769230769231,6.6923076923076925,0.8666666666666667,3.033333333333333,0.2059375689712749,0.0741525423728813,0.0008318279277543,0.0032718565158337,0.0,0.0,0.0101971607659619,0.4333333333333333
1024,R2,0.375,0.6272689588058418,2.022222222222222,6.066666666666666,0.75,3.7,0.1896265903113303,0.3416935483870967,0.0031025889259776,0.0110667580460444,0.0,0.5524193548387096,0.0160650042202114,0.3666666666666666
1024,R3,0.4,0.6199755978131742,2.125,6.375,0.8,3.1,0.1763876663339861,0.3720781893004115,0.0047877646945544,0.0169496763989312,0.0744985673352435,0.2695473251028806,0.0221258585460177,0.4
1025,R0,0.4666666666666667,0.5625864046207386,2.1785714285714284,6.535714285714286,0.9333333333333332,2.533333333333333,0.1867194419758109,0.0733333333333333,0.0009741253443733,0.0036529700413999,0.0,0.0,0.0109479986342433,0.2
1025,R1,0.425,0.5951498123023281,2.1372549019607843,6.411764705882353,0.85,2.9,0.1826037124526863,0.0847457627118644,0.000963548803789,0.0037899586282368,0.0,0.0,0.0103070853604663,0.3999999999999999
1025,R2,0.45,0.5868282406529015,2.388888888888889,7.166666666666667,0.9,2.8666666666666667,0.1667565211331052,0.3109129511677281,0.0031799806555606,0.0104545080523147,0.0,0.5626326963906582,0.0165605954485125,0.2
1025,R3,0.4166666666666667,0.5992162022812562,2.26,6.78,0.8333333333333334,3.0,0.1535011209658087,0.3368737060041408,0.0047041010768285,0.0163030078209357,0.0692771084337349,0.2732919254658385,0.0220956150604304,0.2333333333333333
1026,R0,0.4666666666666667,0.5538160451552582,2.0,6.0,0.9333333333333332,2.2666666666666666,0.1521518979943732,0.0772727272727272,0.00091535400201,0.0033562980073701,0.0,0.0,0.0099241134638696,0.0999999999999999
1026,R1,0.3833333333333333,0.6020252355872389,2.152173913043478,6.456521739130435,0.7666666666666667,3.4,0.1480133311540953,0.0865191146881287,0.0008052328160082,0.0033350059129676,0.0,0.0,0.0106130866458773,0.0666666666666666
1026,R2,0.3916666666666666,0.6101423775656786,2.0851063829787235,6.25531914893617,0.7833333333333333,3.066666666666667,0.1348507244737913,0.3348057259713701,0.0032002810702519,0.0117311721557569,0.0,0.5337423312883436,0.016790981814136,0.0999999999999999
1026,R3,0.3666666666666666,0.6184098276236114,2.159090909090909,6.477272727272728,0.7333333333333333,3.533333333333333,0.1434274146850495,0.3444181459566076,0.0049876760435068,0.0179092033503301,0.072289156626506,0.282051282051282,0.0225340419716962,0.1333333333333333
1027,R0,0.475,0.5805448529551519,1.9298245614035088,5.789473684210527,0.95,2.0,0.1800779210754991,0.0603248259860788,0.0007489090711764,0.0026898317473088,0.0,0.0,0.0107255093638294,0.2333333333333333
1027,R1,0.4583333333333333,0.6054157560848984,2.2363636363636363,6.709090909090909,0.9166666666666666,2.533333333333333,0.1627906255138145,0.0720524017467248,0.0009108685833078,0.003476481759625,0.0,0.0,0.0110190745488039,0.1666666666666666
1027,R2,0.4583333333333333,0.6158446925751573,2.309090909090909,6.927272727272728,0.9166666666666666,2.7,0.144991122875572,0.3680519480519479,0.0031019963132728,0.0105623652314434,0.0,0.6038961038961039,0.0165149007519895,0.2
1027,R3,0.4583333333333333,0.6069775072403114,2.036363636363636,6.109090909090909,0.9166666666666666,2.533333333333333,0.1314818734884508,0.3561968680089486,0.0048459707863088,0.0152769972781598,0.0677966101694915,0.2841163310961969,0.023281604246048,0.2
1028,R0,0.4583333333333333,0.5348819726580595,1.9090909090909087,5.727272727272728,0.9166666666666666,2.433333333333333,0.222207317320885,0.1068181818181818,0.0009116760646689,0.0033428122371196,0.0,0.0,0.0112516917326054,0.2
1028,R1,0.3833333333333333,0.5823021004375214,2.152173913043478,6.456521739130435,0.7666666666666667,3.3666666666666667,0.1970577268115287,0.0824949698189134,0.0010279914910016,0.0042575980918983,0.0,0.0,0.0107985184176884,0.2666666666666666
1028,R2,0.4,0.5739237584734729,2.2291666666666665,6.6875,0.8,3.466666666666667,0.1631545526719614,0.3437067209775967,0.0035202941675985,0.0115502247521161,0.0,0.5804480651731161,0.0171964117788497,0.3666666666666666
1028,R3,0.45,0.5688668595702236,2.2962962962962963,6.888888888888889,0.9,2.833333333333333,0.1732034717938497,0.3302575107296137,0.0050586163884643,0.0150260429020401,0.0707964601769911,0.2939914163090129,0.0222907167765074,0.2666666666666666
1029,R0,0.4833333333333333,0.5563961099183351,2.1206896551724137,6.344827586206897,0.9666666666666668,2.1,0.1886817173429435,0.0663615560640732,0.0006551741676506,0.0023859259271945,0.0,0.0,0.0095610036078145,0.1333333333333333
1029,R1,0.4583333333333333,0.5758802931357468,2.5454545454545454,7.636363636363637,0.9166666666666666,2.8666666666666667,0.1599932199635252,0.071578947368421,0.0008915694707913,0.0035291291552158,0.0,0.0,0.0104346322354713,0.1333333333333333
1029,R2,0.4416666666666666,0.577817680449369,2.358490566037736,7.075471698113208,0.8833333333333333,2.833333333333333,0.1601045402009787,0.331392405063291,0.0032773236981545,0.0113127795928711,0.0,0.5759493670886076,0.0166015636187621,0.2
1029,R3,0.4333333333333333,0.5853020953814903,2.3461538461538463,7.038461538461538,0.8666666666666667,3.1666666666666665,0.1590661752939578,0.3318619246861924,0.0046801403488822,0.0160408175891121,0.0769230769230769,0.2740585774058577,0.0217681856938291,0.2
1030,R0,0.4333333333333333,0.596806579961133,2.019230769230769,6.057692307692308,0.8666666666666667,2.7666666666666666,0.1934512097714862,0.0911062906724512,0.0009840149072012,0.0037802572684982,0.0,0.0,0.0105242076719182,0.2333333333333333
1030,R1,0.4083333333333333,0.6230355648635806,2.204081632653061,6.612244897959184,0.8166666666666667,3.0,0.1815576646557983,0.0742268041237113,0.0007884226275605,0.0031865414530571,0.0,0.0,0.010609742835215,0.1666666666666666
1030,R2,0.4166666666666667,0.6112850662156781,2.18,6.54,0.8333333333333334,3.033333333333333,0.1727937690873983,0.3486430062630479,0.0033679269258102,0.0113208610626648,0.0,0.5908141962421712,0.016825678162042,0.2
1030,R3,0.425,0.6134708283681425,2.0588235294117645,6.176470588235294,0.85,2.9,0.1640593368162791,0.3233119658119658,0.0050840961228043,0.016739156240464,0.0906666666666666,0.2799145299145299,0.0233867948869649,0.1333333333333333
1031,R0,0.4666666666666667,0.6253766143118735,1.9642857142857144,5.892857142857143,0.9333333333333332,2.0,0.1972080455714297,0.0753424657534246,0.0008351774750797,0.003048397784041,0.0,0.0,0.0098049406124825,0.2333333333333332
1031,R1,0.4166666666666667,0.6516234743092416,2.06,6.18,0.8333333333333334,2.9,0.184937263721075,0.0824524312896406,0.0008449150450743,0.0033303734693348,0.0,0.0,0.0103611028912714,0.3333333333333333
1031,R2,0.425,0.6527612287446757,2.0980392156862746,6.294117647058823,0.85,2.966666666666667,0.1687536400768672,0.3418723404255318,0.0029900275370009,0.0100521879386735,0.0,0.548936170212766,0.0156658275070995,0.3666666666666666
1031,R3,0.4333333333333333,0.6461186517512826,2.0,6.0,0.8666666666666667,2.566666666666667,0.1670779870294556,0.3506739130434783,0.0042158129804442,0.0133548450139478,0.0597014925373134,0.2891304347826087,0.0210027522290572,0.3999999999999999
1032,R0,0.4583333333333333,0.5716927563379625,2.0727272727272728,6.218181818181818,0.9166666666666666,2.533333333333333,0.1866825187055028,0.1158129175946547,0.0009886860662583,0.0036993336979167,0.0,0.0,0.0105497927315595,0.3
1032,R1,0.425,0.6084175085749206,2.176470588235294,6.529411764705882,0.85,3.066666666666667,0.1801437631396546,0.080168776371308,0.0007831279977256,0.0030933555910164,0.0,0.0,0.0096513647886559,0.2666666666666666
1032,R2,0.425,0.6118839176942628,2.07843137254902,6.235294117647059,0.85,3.1333333333333333,0.1680244316651048,0.3932622601279317,0.0036319881945872,0.0116183028874404,0.0,0.6268656716417911,0.0174004315694987,0.3
1032,R3,0.4,0.6267248267614689,1.875,5.625,0.8,2.966666666666667,0.1657519989847392,0.3477637130801688,0.004758818725548,0.0153685215359186,0.0853658536585365,0.2637130801687763,0.0220660880671703,0.2666666666666666
1033,R0,0.45,0.592048932547799,1.851851851851852,5.555555555555555,0.9,2.2666666666666666,0.2048899811184328,0.0723981900452488,0.0007654058545021,0.0028192448974164,0.0,0.0,0.0099222483056554,0.3333333333333333
1033,R1,0.4166666666666667,0.6268493184480173,1.96,5.88,0.8333333333333334,2.8666666666666667,0.1830213363373095,0.0619658119658119,0.0007946430996482,0.0030991080886282,0.0,0.0,0.010776887179896,0.3666666666666666
1033,R2,0.4333333333333333,0.609532641297432,2.1923076923076925,6.576923076923077,0.8666666666666667,3.066666666666667,0.161850229474896,0.3507234042553191,0.0031683581959903,0.0102474897507996,0.0,0.5765957446808511,0.0166844228882885,0.2666666666666666
1033,R3,0.4166666666666667,0.6173064467006891,1.82,5.46,0.8333333333333334,2.933333333333333,0.1553780462951879,0.3372017353579175,0.0043185313403024,0.0145640812987019,0.0686813186813186,0.279826464208243,0.021687012770224,0.2666666666666666
1034,R0,0.475,0.5886815997049922,1.8596491228070176,5.578947368421052,0.95,1.8333333333333333,0.1866583479400934,0.0679156908665105,0.0008403463884363,0.0029902325655194,0.0,0.0,0.0106739431305342,0.0333333333333333
1034,R1,0.45,0.6079375766319354,2.185185185185185,6.555555555555555,0.9,2.6333333333333333,0.1708632370096411,0.0826086956521739,0.0008938506282419,0.0034264274082608,0.0,0.0,0.0108525246469842,0.0666666666666666
1034,R2,0.4416666666666666,0.6281547094732116,2.0754716981132075,6.226415094339623,0.8833333333333333,2.6666666666666665,0.1543712072873565,0.330631808278867,0.0032203886878597,0.010681635343919,0.0,0.5424836601307189,0.0172937775899581,-0.0666666666666666
1034,R3,0.4583333333333333,0.6098036047769488,2.2181818181818183,6.654545454545454,0.9166666666666666,2.7333333333333334,0.1425695297551584,0.3373741794310722,0.0048766655843161,0.0157183373526525,0.0739644970414201,0.2910284463894967,0.0242211767502018,0.0
1035,R0,0.4583333333333333,0.6154175919197545,1.8909090909090909,5.672727272727273,0.9166666666666666,2.2666666666666666,0.1795631883488362,0.0933940774487471,0.0009413019895623,0.0034435964451491,0.0,0.0,0.0105296886314385,0.2
1035,R1,0.4083333333333333,0.6420722884978809,2.224489795918368,6.673469387755102,0.8166666666666667,3.3666666666666667,0.1835451988953545,0.0987654320987654,0.0009522275823863,0.0038565217086645,0.0,0.0,0.0098541727458281,0.3
1035,R2,0.4333333333333333,0.6312705072768556,2.4038461538461537,7.211538461538462,0.8666666666666667,3.1666666666666665,0.1597269759337927,0.3254054054054053,0.0029741738631102,0.0101600284972483,0.0,0.5571725571725572,0.0154336492918736,0.1666666666666666
1035,R3,0.4166666666666667,0.628566188797686,2.36,7.08,0.8333333333333334,3.2,0.1535584335125601,0.3491598360655738,0.0049547748140155,0.0177196678610735,0.0787878787878787,0.2745901639344262,0.0225028864933466,0.2666666666666666
1036,R0,0.4666666666666667,0.5487434820531788,1.8928571428571428,5.678571428571429,0.9333333333333332,2.1666666666666665,0.1866433270746846,0.0944700460829493,0.0010096476196278,0.0036515588909872,0.0,0.0,0.0114372515993297,0.1666666666666666
1036,R1,0.425,0.5834755960947003,2.0588235294117645,6.176470588235294,0.85,2.933333333333333,0.1733398068123316,0.094017094017094,0.0009094557596157,0.0035468774625016,0.0,0.0,0.0109241139246195,0.1333333333333333
1036,R2,0.4333333333333333,0.5836097524952559,2.3846153846153846,7.153846153846154,0.8666666666666667,3.033333333333333,0.1528402289616804,0.3611666666666666,0.0036237394266643,0.0115669639393727,0.0,0.5708333333333333,0.0175495098497507,0.1
1036,R3,0.4,0.6059857853054066,2.2291666666666665,6.6875,0.8,3.2333333333333334,0.1593197458013106,0.3690020366598778,0.0049574454130192,0.017436645572265,0.0809968847352024,0.2688391038696537,0.0223307740800012,0.0333333333333333
1037,R0,0.45,0.6134343732817683,2.037037037037037,6.111111111111111,0.9,2.5,0.1933215529505076,0.0884955752212389,0.0008743256376684,0.0032932932352179,0.0,0.0,0.0107369227830802,0.2333333333333333
1037,R1,0.4166666666666667,0.6129647897998779,2.08,6.24,0.8333333333333334,2.9,0.1852851339453004,0.0717299578059071,0.0007296766817077,0.0028822228927457,0.0,0.0,0.0098347779818886,0.3333333333333333
1037,R2,0.4166666666666667,0.6319086856817493,2.0,6.0,0.8333333333333334,2.966666666666667,0.1710417958383474,0.3452765957446808,0.0034642809500304,0.0108932832086814,0.0,0.5531914893617021,0.016976755278043,0.2333333333333333
1037,R3,0.4166666666666667,0.6328254132238968,2.28,6.84,0.8333333333333334,3.066666666666667,0.1683631727128832,0.3603305785123967,0.0049243169880649,0.0171992852008789,0.0830860534124629,0.2789256198347107,0.0222995542097752,0.4333333333333333
1038,R0,0.4666666666666667,0.5827276453676372,1.6607142857142858,4.982142857142857,0.9333333333333332,2.0,0.1981237372098009,0.0855106888361045,0.000721363962331,0.0025307852345112,0.0,0.0,0.0102880136422136,0.0333333333333333
1038,R1,0.45,0.6113066494413995,2.1481481481481484,6.444444444444445,0.9,2.6333333333333333,0.1880263380180166,0.0829694323144104,0.0008254595309963,0.0031505038766362,0.0,0.0,0.0101937480108347,0.1999999999999999
1038,R2,0.425,0.6113532628519361,2.117647058823529,6.352941176470588,0.85,3.0,0.1618510255177339,0.3686624203821655,0.0035743927849468,0.0120321805782651,0.0,0.5817409766454352,0.0167808507724634,0.2333333333333333
1038,R3,0.4333333333333333,0.6067591541668472,2.0576923076923075,6.173076923076923,0.8666666666666667,2.8,0.1751000022311186,0.344060475161987,0.0048575223141793,0.0165185133496047,0.0833333333333333,0.2742980561555075,0.0225341061814753,0.2333333333333333
1039,R0,0.4916666666666666,0.6188776379547919,2.0508474576271185,6.11864406779661,0.9833333333333332,1.8666666666666667,0.1547238848502435,0.0934579439252336,0.0009229923667952,0.0032920061082364,0.0,0.0,0.0104920054171866,0.2666666666666666
1039,R1,0.425,0.6595866598637208,2.0588235294117645,6.176470588235294,0.85,2.8,0.1564988825689134,0.0662393162393162,0.0008378677093107,0.0032676840663119,0.0,0.0,0.0106970344241118,0.3
1039,R2,0.425,0.6583896489271356,2.0392156862745097,6.117647058823529,0.85,3.0,0.146504692809702,0.3594860813704496,0.0030732548132627,0.0108752976356408,0.0,0.556745182012848,0.0165409006707262,0.1999999999999999
1039,R3,0.4416666666666666,0.6357771232515368,2.0,6.0,0.8833333333333333,2.7333333333333334,0.1387348764447532,0.3414945054945055,0.0048142834759931,0.0158379070856258,0.093655589123867,0.2813186813186813,0.0231900137092946,0.2666666666666666
