seed,regime,round,placement,mean_gap,open_capacity
1000,R0,1,0.2166666666666666,0.4901381754197755,34
1000,R0,2,0.3916666666666666,0.4895580862788528,13
1000,R0,3,0.425,0.4890597084095951,9
1000,R0,4,0.4666666666666667,0.4886891241811618,4
1000,R0,5,0.4666666666666667,0.488211314552445,4
1000,R0,6,0.4666666666666667,0.4878061084446963,4
1000,R1,1,0.2,0.4901040241582865,36
1000,R1,2,0.3583333333333333,0.4893772236171392,17
1000,R1,3,0.4083333333333333,0.4888641568211235,11
1000,R1,4,0.4416666666666666,0.488656332325576,7
1000,R1,5,0.4416666666666666,0.488271263550301,7
1000,R1,6,0.4583333333333333,0.4877225389685483,5
1000,R2,1,0.1916666666666666,0.4965558072108368,37
1000,R2,2,0.3416666666666667,0.4924298459137903,19
1000,R2,3,0.3666666666666666,0.4919715700297053,16
1000,R2,4,0.4083333333333333,0.4900181372891022,11
1000,R2,5,0.425,0.4894404219982408,9
1000,R2,6,0.45,0.4893876125535396,6
1000,R3,1,0.175,0.4875861032172635,39
1000,R3,2,0.3083333333333333,0.4911633031373705,23
1000,R3,3,0.3666666666666666,0.4926628949633963,16
1000,R3,4,0.3833333333333333,0.4876501242905565,14
1000,R3,5,0.4166666666666667,0.4864289091396499,10
1000,R3,6,0.4333333333333333,0.4830806692235779,8
1001,R0,1,0.2083333333333333,0.5246670826848117,35
1001,R0,2,0.3416666666666667,0.5244054760147854,19
1001,R0,3,0.4,0.5238832053236074,12
1001,R0,4,0.4416666666666666,0.5233323192421243,7
1001,R0,5,0.4666666666666667,0.5229962790428855,4
1001,R0,6,0.4666666666666667,0.5226457687910869,4
1001,R1,1,0.175,0.5247313328037851,39
1001,R1,2,0.325,0.5242128731441879,21
1001,R1,3,0.3583333333333333,0.523801916160657,17
1001,R1,4,0.3833333333333333,0.523455036815261,14
1001,R1,5,0.4083333333333333,0.523178037103707,11
1001,R1,6,0.425,0.5225190605458835,9
1001,R2,1,0.1333333333333333,0.5204852123134666,44
1001,R2,2,0.2833333333333333,0.5175391456644981,26
1001,R2,3,0.3583333333333333,0.519153126634723,17
1001,R2,4,0.375,0.5215321176803854,15
1001,R2,5,0.4,0.5228711923786131,12
1001,R2,6,0.4083333333333333,0.521362516199032,11
1001,R3,1,0.1833333333333333,0.5202321730876427,38
1001,R3,2,0.275,0.5184801721316432,27
1001,R3,3,0.325,0.5237556247110146,21
1001,R3,4,0.3416666666666667,0.5222275262062173,19
1001,R3,5,0.3666666666666666,0.5129688955347016,16
1001,R3,6,0.3916666666666666,0.5090849338238115,13
1002,R0,1,0.1833333333333333,0.5016771745460236,38
1002,R0,2,0.3166666666666666,0.5007085646529617,22
1002,R0,3,0.4,0.5000312958903298,12
1002,R0,4,0.425,0.4994815320840977,9
1002,R0,5,0.425,0.4991215151127315,9
1002,R0,6,0.45,0.4986041998187561,6
1002,R1,1,0.1666666666666666,0.5019321199867427,40
1002,R1,2,0.2833333333333333,0.501381450992434,26
1002,R1,3,0.3333333333333333,0.5007125139204136,20
1002,R1,4,0.35,0.5000756814545564,18
1002,R1,5,0.375,0.4996149432740437,15
1002,R1,6,0.4166666666666667,0.4991985641455675,10
1002,R2,1,0.1416666666666666,0.5026242576287335,43
1002,R2,2,0.275,0.5014843493891464,27
1002,R2,3,0.3333333333333333,0.5003671377999307,20
1002,R2,4,0.375,0.5021420522053346,15
1002,R2,5,0.3916666666666666,0.5007774693746493,13
1002,R2,6,0.4,0.5049126481100986,12
1002,R3,1,0.1333333333333333,0.4986174067037739,44
1002,R3,2,0.2833333333333333,0.5028504208476509,26
1002,R3,3,0.3333333333333333,0.5025623473021843,20
1002,R3,4,0.3666666666666666,0.5020744266061885,16
1002,R3,5,0.375,0.4977945165363483,15
1002,R3,6,0.3916666666666666,0.4941125835764757,13
1003,R0,1,0.2166666666666666,0.5082884896253936,34
1003,R0,2,0.3416666666666667,0.5072091828341495,19
1003,R0,3,0.4083333333333333,0.5068364625493301,11
1003,R0,4,0.425,0.5064734529544023,9
1003,R0,5,0.4583333333333333,0.5061160369907552,5
1003,R0,6,0.475,0.505685138128833,3
1003,R1,1,0.1666666666666666,0.5081174361284404,40
1003,R1,2,0.2916666666666667,0.5075791200864279,25
1003,R1,3,0.3583333333333333,0.50704137362386,17
1003,R1,4,0.3583333333333333,0.5063474089744727,17
1003,R1,5,0.3666666666666666,0.505683673288965,16
1003,R1,6,0.375,0.5049507700342593,15
1003,R2,1,0.1916666666666666,0.5106850203360958,37
1003,R2,2,0.3166666666666666,0.5093975649247657,22
1003,R2,3,0.3833333333333333,0.5078892195309298,14
1003,R2,4,0.4166666666666667,0.5120419164678501,10
1003,R2,5,0.4416666666666666,0.5118662687657763,7
1003,R2,6,0.4416666666666666,0.5099529821725112,7
1003,R3,1,0.1666666666666666,0.5072538735229303,40
1003,R3,2,0.3,0.5048534152248847,24
1003,R3,3,0.3333333333333333,0.5001398601165687,20
1003,R3,4,0.3833333333333333,0.4999634023692867,14
1003,R3,5,0.4083333333333333,0.4989463842796818,11
1003,R3,6,0.4333333333333333,0.5007717793822316,8
1004,R0,1,0.2,0.5135162852127931,36
1004,R0,2,0.325,0.512999496072796,21
1004,R0,3,0.4333333333333333,0.5127116462690305,8
1004,R0,4,0.4416666666666666,0.5123195998338338,7
1004,R0,5,0.45,0.5117530464218739,6
1004,R0,6,0.4583333333333333,0.5111804673099904,5
1004,R1,1,0.1583333333333333,0.5134213279570228,41
1004,R1,2,0.275,0.5129064492307153,27
1004,R1,3,0.3416666666666667,0.5122163202587618,19
1004,R1,4,0.3833333333333333,0.5115800391521569,14
1004,R1,5,0.4,0.5109744080902419,12
1004,R1,6,0.4083333333333333,0.5104818712476599,11
1004,R2,1,0.1916666666666666,0.5111411787730246,37
1004,R2,2,0.2916666666666667,0.5136939815038591,25
1004,R2,3,0.325,0.5160935837963081,21
1004,R2,4,0.3583333333333333,0.5129344169423793,17
1004,R2,5,0.4,0.5080178630497609,12
1004,R2,6,0.4333333333333333,0.5054291014325207,8
1004,R3,1,0.1416666666666666,0.5100420656071061,43
1004,R3,2,0.3,0.5104710721929945,24
1004,R3,3,0.35,0.5060537669794452,18
1004,R3,4,0.4,0.5032384440489082,12
1004,R3,5,0.4166666666666667,0.5002101233573432,10
1004,R3,6,0.4333333333333333,0.5021384806136034,8
1005,R0,1,0.225,0.5063140747964713,33
1005,R0,2,0.4166666666666667,0.505758737038463,10
1005,R0,3,0.4666666666666667,0.505453940985661,4
1005,R0,4,0.475,0.505103547690009,3
1005,R0,5,0.5,0.5047607160172835,0
1005,R0,6,0.5,0.5044994619762082,0
1005,R1,1,0.1916666666666666,0.5061253318919433,37
1005,R1,2,0.3166666666666666,0.5056081997502774,22
1005,R1,3,0.3666666666666666,0.5051922490961778,16
1005,R1,4,0.3916666666666666,0.5048109652148994,13
1005,R1,5,0.4,0.5041958232385387,12
1005,R1,6,0.4166666666666667,0.5036577213377441,10
1005,R2,1,0.1833333333333333,0.5087881259571481,38
1005,R2,2,0.3083333333333333,0.5052161794284236,23
1005,R2,3,0.3833333333333333,0.5021152217693319,14
1005,R2,4,0.4083333333333333,0.5053143169151125,11
1005,R2,5,0.425,0.5031972552497523,9
1005,R2,6,0.4333333333333333,0.5057751716598295,8
1005,R3,1,0.1833333333333333,0.5054887334168502,38
1005,R3,2,0.3,0.5063438135058663,24
1005,R3,3,0.3666666666666666,0.5036424403109435,16
1005,R3,4,0.4,0.4992023326268868,12
1005,R3,5,0.4333333333333333,0.4998927402757266,8
1005,R3,6,0.4583333333333333,0.4997994694648591,5
1006,R0,1,0.2083333333333333,0.5091869558848504,35
1006,R0,2,0.3166666666666666,0.5086271965720977,22
1006,R0,3,0.3833333333333333,0.5081890437968256,14
1006,R0,4,0.4083333333333333,0.50788316930177,11
1006,R0,5,0.4416666666666666,0.5076324072114946,7
1006,R0,6,0.45,0.5069814914242986,6
1006,R1,1,0.1833333333333333,0.5093876706964092,38
1006,R1,2,0.2916666666666667,0.5087453165397053,25
1006,R1,3,0.375,0.5082953275132333,15
1006,R1,4,0.4083333333333333,0.5078939609572174,11
1006,R1,5,0.4083333333333333,0.5072131967803326,11
1006,R1,6,0.4333333333333333,0.5069281408995434,8
1006,R2,1,0.15,0.5070352795929404,42
1006,R2,2,0.2833333333333333,0.511161420076483,26
1006,R2,3,0.325,0.5093809570582586,21
1006,R2,4,0.3416666666666667,0.5157809167475762,19
1006,R2,5,0.375,0.5167527412605838,15
1006,R2,6,0.3833333333333333,0.5156942386787353,14
1006,R3,1,0.15,0.5065533514438663,42
1006,R3,2,0.2666666666666666,0.5087277475564982,28
1006,R3,3,0.3416666666666667,0.5116753818096481,19
1006,R3,4,0.3916666666666666,0.510060677165797,13
1006,R3,5,0.4166666666666667,0.5067652531720275,10
1006,R3,6,0.425,0.5046601289299752,9
1007,R0,1,0.1916666666666666,0.5148485138002743,37
1007,R0,2,0.3583333333333333,0.5142841310820226,17
1007,R0,3,0.4166666666666667,0.5137005703475076,10
1007,R0,4,0.4583333333333333,0.5132641601015013,5
1007,R0,5,0.4666666666666667,0.5128258387991039,4
1007,R0,6,0.475,0.5121523896946438,3
1007,R1,1,0.175,0.5146758239432689,39
1007,R1,2,0.275,0.5140116706616822,27
1007,R1,3,0.35,0.5135171904109654,18
1007,R1,4,0.3916666666666666,0.5126851251439916,13
1007,R1,5,0.4166666666666667,0.5119158118618113,10
1007,R1,6,0.4166666666666667,0.511364534584123,10
1007,R2,1,0.175,0.5182016095431731,39
1007,R2,2,0.325,0.5169484861991968,21
1007,R2,3,0.3666666666666666,0.5176429122269769,16
1007,R2,4,0.4,0.5197550873038302,12
1007,R2,5,0.4333333333333333,0.517906912542202,8
1007,R2,6,0.4416666666666666,0.5168167158705885,7
1007,R3,1,0.175,0.5122636581962203,39
1007,R3,2,0.2833333333333333,0.5092864127400163,26
1007,R3,3,0.3333333333333333,0.5074662142830617,20
1007,R3,4,0.375,0.5056675134320666,15
1007,R3,5,0.4083333333333333,0.5010777347462211,11
1007,R3,6,0.4083333333333333,0.498569643742937,11
1008,R0,1,0.2166666666666666,0.5195348975086671,34
1008,R0,2,0.375,0.5189262425554956,15
1008,R0,3,0.4416666666666666,0.5185374004651895,7
1008,R0,4,0.45,0.5181752923018135,6
1008,R0,5,0.4583333333333333,0.5178088265335772,5
1008,R0,6,0.4583333333333333,0.517168342315748,5
1008,R1,1,0.1833333333333333,0.5196155031328582,38
1008,R1,2,0.3,0.5190016831349219,24
1008,R1,3,0.3333333333333333,0.5185445318705574,20
1008,R1,4,0.375,0.5179166262647554,15
1008,R1,5,0.3916666666666666,0.5174293234116853,13
1008,R1,6,0.4166666666666667,0.5170458903996674,10
1008,R2,1,0.1583333333333333,0.5188045243394671,41
1008,R2,2,0.3,0.5178086170779422,24
1008,R2,3,0.35,0.513559305930745,18
1008,R2,4,0.3833333333333333,0.5136528843002441,14
1008,R2,5,0.4,0.5090825554651606,12
1008,R2,6,0.4166666666666667,0.5054348078150414,10
1008,R3,1,0.1916666666666666,0.5154209374643663,37
1008,R3,2,0.3166666666666666,0.5151809639778748,22
1008,R3,3,0.3416666666666667,0.5106406434945618,19
1008,R3,4,0.3833333333333333,0.5112071666866511,14
1008,R3,5,0.4,0.5092362883224791,12
1008,R3,6,0.425,0.5089059849912632,9
1009,R0,1,0.2166666666666666,0.514527545111476,34
1009,R0,2,0.3833333333333333,0.5141283151803694,14
1009,R0,3,0.4166666666666667,0.5133348490414159,10
1009,R0,4,0.45,0.5128257211247864,6
1009,R0,5,0.4666666666666667,0.5123597566165784,4
1009,R0,6,0.4666666666666667,0.5120434559433424,4
1009,R1,1,0.2083333333333333,0.5142569535845536,35
1009,R1,2,0.35,0.5136161839683901,18
1009,R1,3,0.4083333333333333,0.513159705127476,11
1009,R1,4,0.4416666666666666,0.5126686433852974,7
1009,R1,5,0.4583333333333333,0.5122918013142108,5
1009,R1,6,0.4666666666666667,0.511774673389851,4
1009,R2,1,0.1583333333333333,0.5129579746234085,41
1009,R2,2,0.3,0.5154753864223999,24
1009,R2,3,0.3583333333333333,0.5131120292013309,17
1009,R2,4,0.4166666666666667,0.5109305924598966,10
1009,R2,5,0.4416666666666666,0.5096552946783158,7
1009,R2,6,0.4666666666666667,0.5097740321111706,4
1009,R3,1,0.1583333333333333,0.5064348343307105,41
1009,R3,2,0.3,0.5091870558195354,24
1009,R3,3,0.375,0.5042747311298743,15
1009,R3,4,0.4083333333333333,0.5020989831527493,11
1009,R3,5,0.4166666666666667,0.50918252974546,10
1009,R3,6,0.45,0.5076047100967767,6
1010,R0,1,0.1916666666666666,0.5470089367635905,37
1010,R0,2,0.35,0.5465888882933638,18
1010,R0,3,0.4166666666666667,0.5458702382145487,10
1010,R0,4,0.4333333333333333,0.5453909464359777,8
1010,R0,5,0.45,0.5447286993177417,6
1010,R0,6,0.45,0.5441862349238649,6
1010,R1,1,0.1583333333333333,0.5464872173539229,41
1010,R1,2,0.2916666666666667,0.546005100969974,25
1010,R1,3,0.3333333333333333,0.5454648872127295,20
1010,R1,4,0.3583333333333333,0.5450395412151722,17
1010,R1,5,0.4083333333333333,0.5443964160353031,11
1010,R1,6,0.4166666666666667,0.5439620467396696,10
1010,R2,1,0.15,0.5445634192553714,42
1010,R2,2,0.2666666666666666,0.5428790348571013,28
1010,R2,3,0.325,0.5420199579767239,21
1010,R2,4,0.375,0.5424824756082022,15
1010,R2,5,0.3916666666666666,0.5428084509291283,13
1010,R2,6,0.4166666666666667,0.5426972852015912,10
1010,R3,1,0.1166666666666666,0.5447439226657003,46
1010,R3,2,0.2583333333333333,0.5405868992348847,29
1010,R3,3,0.3,0.5361681441962284,24
1010,R3,4,0.325,0.5339773610393654,21
1010,R3,5,0.3416666666666667,0.5341204782472798,19
1010,R3,6,0.3666666666666666,0.5311119653125739,16
1011,R0,1,0.2,0.5243290466591658,36
1011,R0,2,0.3583333333333333,0.5236434640809725,17
1011,R0,3,0.375,0.5232077634768976,15
1011,R0,4,0.4333333333333333,0.522744947855328,8
1011,R0,5,0.4666666666666667,0.5222614135713611,4
1011,R0,6,0.4833333333333333,0.5217872188778628,2
1011,R1,1,0.1666666666666666,0.5241702618858769,40
1011,R1,2,0.325,0.5235396144725964,21
1011,R1,3,0.3666666666666666,0.5230392031695652,16
1011,R1,4,0.375,0.522565239474249,15
1011,R1,5,0.3916666666666666,0.5220842725655178,13
1011,R1,6,0.4166666666666667,0.5215353104605682,10
1011,R2,1,0.1583333333333333,0.5205995747687038,41
1011,R2,2,0.2666666666666666,0.5201806445100894,28
1011,R2,3,0.3416666666666667,0.5227638945497017,19
1011,R2,4,0.375,0.5210497354153334,15
1011,R2,5,0.3916666666666666,0.5220282810765402,13
1011,R2,6,0.4,0.5225154149593483,12
1011,R3,1,0.1583333333333333,0.523775824036655,41
1011,R3,2,0.2916666666666667,0.5242444806337171,25
1011,R3,3,0.3583333333333333,0.5205404765540912,17
1011,R3,4,0.3916666666666666,0.5210942625882801,13
1011,R3,5,0.4083333333333333,0.5171674729979227,11
1011,R3,6,0.4166666666666667,0.5186982331659394,10
1012,R0,1,0.2083333333333333,0.4860063266869323,35
1012,R0,2,0.4,0.4855007362719468,12
1012,R0,3,0.4583333333333333,0.4850305934607448,5
1012,R0,4,0.4583333333333333,0.4845793888918648,5
1012,R0,5,0.4666666666666667,0.4840623069718781,4
1012,R0,6,0.475,0.4835410347239821,3
1012,R1,1,0.1583333333333333,0.4856983717738835,41
1012,R1,2,0.3,0.484994057694865,24
1012,R1,3,0.3583333333333333,0.4843379280747891,17
1012,R1,4,0.375,0.4838995871479266,15
1012,R1,5,0.4,0.483332774582476,12
1012,R1,6,0.425,0.4828340691538229,9
1012,R2,1,0.1916666666666666,0.4838115140214508,37
1012,R2,2,0.3,0.4802007879625244,24
1012,R2,3,0.3666666666666666,0.4748776278668503,16
1012,R2,4,0.3916666666666666,0.4777347702541517,13
1012,R2,5,0.3916666666666666,0.4756207432701592,13
1012,R2,6,0.4,0.4795472288236314,12
1012,R3,1,0.1916666666666666,0.4829666125331198,37
1012,R3,2,0.3333333333333333,0.4837994452773345,20
1012,R3,3,0.3666666666666666,0.4800988706192698,16
1012,R3,4,0.4083333333333333,0.4786386658615684,11
1012,R3,5,0.4416666666666666,0.4751237821680329,7
1012,R3,6,0.4416666666666666,0.4804016255396576,7
1013,R0,1,0.2,0.5206944851609469,36
1013,R0,2,0.325,0.5199946739131364,21
1013,R0,3,0.4,0.5194739893044847,12
1013,R0,4,0.4416666666666666,0.5190789045090729,7
1013,R0,5,0.4583333333333333,0.5186465446303339,5
1013,R0,6,0.4666666666666667,0.5181331554835984,4
1013,R1,1,0.1416666666666666,0.5207005157765265,43
1013,R1,2,0.275,0.5200772782958815,27
1013,R1,3,0.3416666666666667,0.5195133939778334,19
1013,R1,4,0.375,0.5189032060325333,15
1013,R1,5,0.425,0.5183097832050602,9
1013,R1,6,0.4416666666666666,0.5178172784849446,7
1013,R2,1,0.1916666666666666,0.5250446965644664,37
1013,R2,2,0.3333333333333333,0.5241684782784347,20
1013,R2,3,0.375,0.5262839899360754,15
1013,R2,4,0.4166666666666667,0.5263356778082687,10
1013,R2,5,0.4333333333333333,0.5261041255106861,8
1013,R2,6,0.45,0.5210174911978384,6
1013,R3,1,0.1916666666666666,0.5214474498991677,37
1013,R3,2,0.3333333333333333,0.5188675678098631,20
1013,R3,3,0.3666666666666666,0.5123941478274568,16
1013,R3,4,0.425,0.5079453493443292,9
1013,R3,5,0.4333333333333333,0.50463749099651,8
1013,R3,6,0.45,0.5026360978579267,6
1014,R0,1,0.1833333333333333,0.5006322058427476,38
1014,R0,2,0.3583333333333333,0.5000303626178121,17
1014,R0,3,0.4166666666666667,0.4995478341107885,10
1014,R0,4,0.425,0.499097959015819,9
1014,R0,5,0.4416666666666666,0.4987057163713805,7
1014,R0,6,0.45,0.4980961293121691,6
1014,R1,1,0.1666666666666666,0.5007516044481232,40
1014,R1,2,0.2916666666666667,0.5001253144512137,25
1014,R1,3,0.325,0.4996525293400758,21
1014,R1,4,0.3833333333333333,0.4989823709783839,14
1014,R1,5,0.4,0.498484322294028,12
1014,R1,6,0.4166666666666667,0.4978635233565596,10
1014,R2,1,0.175,0.5021718424346038,39
1014,R2,2,0.275,0.5070072691708394,27
1014,R2,3,0.3666666666666666,0.5043018115092586,16
1014,R2,4,0.425,0.5092119520684254,9
1014,R2,5,0.45,0.507772606692315,6
1014,R2,6,0.45,0.5112966597194196,6
1014,R3,1,0.1583333333333333,0.4993851849499182,41
1014,R3,2,0.2916666666666667,0.4974652974030297,25
1014,R3,3,0.3583333333333333,0.5017816877244409,17
1014,R3,4,0.4083333333333333,0.5063914796789178,11
1014,R3,5,0.425,0.5047640363166299,9
1014,R3,6,0.4333333333333333,0.5024353999800055,8
1015,R0,1,0.225,0.5198678832204384,33
1015,R0,2,0.375,0.5193066013173246,15
1015,R0,3,0.45,0.5188659160532232,6
1015,R0,4,0.475,0.5184215412086017,3
1015,R0,5,0.4916666666666666,0.5179615889516211,1
1015,R0,6,0.4916666666666666,0.5176244967223809,1
1015,R1,1,0.175,0.5199497761711286,39
1015,R1,2,0.3083333333333333,0.5192784031345493,23
1015,R1,3,0.3583333333333333,0.5186531681728098,17
1015,R1,4,0.375,0.5181367753347296,15
1015,R1,5,0.4,0.5175074179286145,12
1015,R1,6,0.4083333333333333,0.5168374590172448,11
1015,R2,1,0.1833333333333333,0.5180695939094764,38
1015,R2,2,0.325,0.5203583962294988,21
1015,R2,3,0.3833333333333333,0.5162756241125573,14
1015,R2,4,0.425,0.5162130762065085,9
1015,R2,5,0.4333333333333333,0.5155376524184048,8
1015,R2,6,0.4333333333333333,0.5150288531416874,8
1015,R3,1,0.1583333333333333,0.5206328225110942,41
1015,R3,2,0.2833333333333333,0.5195409816325546,26
1015,R3,3,0.35,0.5176612973699187,18
1015,R3,4,0.3833333333333333,0.5127140101600031,14
1015,R3,5,0.4416666666666666,0.5164418890774307,7
1015,R3,6,0.4666666666666667,0.5129443796554249,4
1016,R0,1,0.1916666666666666,0.5197307734039439,37
1016,R0,2,0.35,0.5192990926020649,18
1016,R0,3,0.4333333333333333,0.5189602221890605,8
1016,R0,4,0.4583333333333333,0.5185068167231551,5
1016,R0,5,0.4666666666666667,0.5180964305207454,4
1016,R0,6,0.475,0.5174805179989915,3
1016,R1,1,0.1416666666666666,0.5195962812430118,43
1016,R1,2,0.2666666666666666,0.5191580916809339,28
1016,R1,3,0.35,0.5185613294138395,18
1016,R1,4,0.3666666666666666,0.5181096031470516,16
1016,R1,5,0.4,0.517756087517257,12
1016,R1,6,0.4416666666666666,0.5172416650968449,7
1016,R2,1,0.1916666666666666,0.5176421826242167,37
1016,R2,2,0.3166666666666666,0.51206719178256,22
1016,R2,3,0.3583333333333333,0.5144365695159756,17
1016,R2,4,0.3916666666666666,0.5114923563313077,13
1016,R2,5,0.4083333333333333,0.5145457562570116,11
1016,R2,6,0.4083333333333333,0.51202213425012,11
1016,R3,1,0.175,0.5175929840489882,39
1016,R3,2,0.3083333333333333,0.5151375752707875,23
1016,R3,3,0.375,0.5103451833022956,15
1016,R3,4,0.4083333333333333,0.5078652095311808,11
1016,R3,5,0.4416666666666666,0.508690389948779,7
1016,R3,6,0.4583333333333333,0.5061077130943675,5
1017,R0,1,0.2083333333333333,0.4972249890421345,35
1017,R0,2,0.4166666666666667,0.4966844853203155,10
1017,R0,3,0.4666666666666667,0.496187228410973,4
1017,R0,4,0.4666666666666667,0.495797187776695,4
1017,R0,5,0.475,0.4954783113137739,3
1017,R0,6,0.4916666666666666,0.4950739480092894,1
1017,R1,1,0.2083333333333333,0.4969234319994351,35
1017,R1,2,0.3416666666666667,0.4961691636528751,19
1017,R1,3,0.375,0.4955502816450228,15
1017,R1,4,0.425,0.4951476229584662,9
1017,R1,5,0.425,0.4947537179747236,9
1017,R1,6,0.4333333333333333,0.4942657879056835,8
1017,R2,1,0.2083333333333333,0.4945233041660324,35
1017,R2,2,0.35,0.4938864019670909,18
1017,R2,3,0.4,0.4934924896250069,12
1017,R2,4,0.425,0.4968967660291952,9
1017,R2,5,0.45,0.494560800066771,6
1017,R2,6,0.4666666666666667,0.4945125537549721,4
1017,R3,1,0.1916666666666666,0.4953150305407929,37
1017,R3,2,0.3416666666666667,0.4927521517335282,19
1017,R3,3,0.4083333333333333,0.4914339886215411,11
1017,R3,4,0.4166666666666667,0.493432703721718,10
1017,R3,5,0.4333333333333333,0.4912928609943076,8
1017,R3,6,0.45,0.4904377936587626,6
1018,R0,1,0.2,0.5232047951213917,36
1018,R0,2,0.3666666666666666,0.522600353977403,16
1018,R0,3,0.4166666666666667,0.5221895166700015,10
1018,R0,4,0.4583333333333333,0.5216126606327972,5
1018,R0,5,0.4666666666666667,0.5210120289984502,4
1018,R0,6,0.475,0.5205042774010155,3
1018,R1,1,0.1916666666666666,0.52321504200942,37
1018,R1,2,0.3333333333333333,0.5225202721916828,20
1018,R1,3,0.4166666666666667,0.5219854396277617,10
1018,R1,4,0.4333333333333333,0.5214432622569697,8
1018,R1,5,0.45,0.5208571029919986,6
1018,R1,6,0.4583333333333333,0.5204806877243338,5
1018,R2,1,0.2,0.5192773079364177,36
1018,R2,2,0.3333333333333333,0.5239930887195298,20
1018,R2,3,0.375,0.5213969252020967,15
1018,R2,4,0.4,0.5197876735515213,12
1018,R2,5,0.425,0.5165642835712422,9
1018,R2,6,0.425,0.5164245004564352,9
1018,R3,1,0.1666666666666666,0.5255933882527707,40
1018,R3,2,0.2916666666666667,0.5251341357787448,25
1018,R3,3,0.3583333333333333,0.5200795536084662,17
1018,R3,4,0.3916666666666666,0.5168366466421953,13
1018,R3,5,0.4166666666666667,0.5175421736779539,10
1018,R3,6,0.4333333333333333,0.5143102484557395,8
1019,R0,1,0.2083333333333333,0.4882932710533085,35
1019,R0,2,0.3583333333333333,0.4878504782578427,17
1019,R0,3,0.4333333333333333,0.4873167147279693,8
1019,R0,4,0.4583333333333333,0.4868692797786856,5
1019,R0,5,0.475,0.4864688011688217,3
1019,R0,6,0.4833333333333333,0.4860087399270065,2
1019,R1,1,0.1666666666666666,0.4882904053647269,40
1019,R1,2,0.3,0.4876261809076881,24
1019,R1,3,0.3333333333333333,0.4870019144303174,20
1019,R1,4,0.4,0.4863796265707199,12
1019,R1,5,0.4083333333333333,0.4858575793880778,11
1019,R1,6,0.425,0.4853384383016192,9
1019,R2,1,0.175,0.4873559801229192,39
1019,R2,2,0.275,0.4819468241941514,27
1019,R2,3,0.35,0.4808633515007161,18
1019,R2,4,0.3666666666666666,0.4785171067479439,16
1019,R2,5,0.4,0.4782461728737525,12
1019,R2,6,0.425,0.4750466099154815,9
1019,R3,1,0.15,0.4829814735698937,42
1019,R3,2,0.325,0.4829642857161642,21
1019,R3,3,0.3583333333333333,0.4805098876884971,17
1019,R3,4,0.4083333333333333,0.4753480994789713,11
1019,R3,5,0.4416666666666666,0.4720014547109228,7
1019,R3,6,0.45,0.4724509311707707,6
1020,R0,1,0.2083333333333333,0.5121510013167487,35
1020,R0,2,0.3833333333333333,0.5115127594246984,14
1020,R0,3,0.425,0.5111422874998254,9
1020,R0,4,0.45,0.5105452074925395,6
1020,R0,5,0.4833333333333333,0.5102263410244655,2
1020,R0,6,0.4833333333333333,0.5098211829559749,2
1020,R1,1,0.15,0.5122241631562633,42
1020,R1,2,0.2666666666666666,0.5116947439132759,28
1020,R1,3,0.3416666666666667,0.5112525883039254,19
1020,R1,4,0.3916666666666666,0.5107767656975539,13
1020,R1,5,0.4,0.5102054141004145,12
1020,R1,6,0.425,0.5095473322551848,9
1020,R2,1,0.1583333333333333,0.5109602508966107,41
1020,R2,2,0.3,0.5087209997346351,24
1020,R2,3,0.3583333333333333,0.5112908528664408,17
1020,R2,4,0.3916666666666666,0.5135061931485859,13
1020,R2,5,0.4,0.5111612163591633,12
1020,R2,6,0.4083333333333333,0.511566079631717,11
1020,R3,1,0.1666666666666666,0.5062301610373592,40
1020,R3,2,0.2916666666666667,0.5049728922563331,25
1020,R3,3,0.3583333333333333,0.5058294631398748,17
1020,R3,4,0.3583333333333333,0.5060019117275476,17
1020,R3,5,0.3833333333333333,0.5051677166225322,14
1020,R3,6,0.4,0.5081901815299753,12
1021,R0,1,0.1916666666666666,0.5317991632060894,37
1021,R0,2,0.3333333333333333,0.531326343571133,20
1021,R0,3,0.3833333333333333,0.5307216180485408,14
1021,R0,4,0.4083333333333333,0.5301243715691251,11
1021,R0,5,0.45,0.5296188499695557,6
1021,R0,6,0.4583333333333333,0.5290022540277914,5
1021,R1,1,0.1833333333333333,0.5318451417181213,38
1021,R1,2,0.2916666666666667,0.5312264488016802,25
1021,R1,3,0.3416666666666667,0.530496840922458,19
1021,R1,4,0.35,0.5297642315315444,18
1021,R1,5,0.3833333333333333,0.5293490605812843,14
1021,R1,6,0.3833333333333333,0.5288096544746953,14
1021,R2,1,0.1583333333333333,0.5331576652793873,41
1021,R2,2,0.2833333333333333,0.5288288670317554,26
1021,R2,3,0.3583333333333333,0.5273427728049211,17
1021,R2,4,0.375,0.5290973958662998,15
1021,R2,5,0.3916666666666666,0.5280120860577343,13
1021,R2,6,0.3916666666666666,0.5244540391862754,13
1021,R3,1,0.1416666666666666,0.5343093840349666,43
1021,R3,2,0.2583333333333333,0.535633822943481,29
1021,R3,3,0.3,0.5378097993702096,24
1021,R3,4,0.35,0.53332290854919,18
1021,R3,5,0.3666666666666666,0.5345285800527362,16
1021,R3,6,0.3916666666666666,0.5323845195297869,13
1022,R0,1,0.1833333333333333,0.4929785035904516,38
1022,R0,2,0.3916666666666666,0.4924503285088824,13
1022,R0,3,0.475,0.492094498081227,3
1022,R0,4,0.4833333333333333,0.4916268008060745,2
1022,R0,5,0.4833333333333333,0.4912438314324098,2
1022,R0,6,0.4833333333333333,0.4908839449000712,2
1022,R1,1,0.1666666666666666,0.4928949093972852,40
1022,R1,2,0.2583333333333333,0.4923412175314085,29
1022,R1,3,0.3416666666666667,0.4919539132596335,19
1022,R1,4,0.3833333333333333,0.4914512352372056,14
1022,R1,5,0.4166666666666667,0.4909933500345827,10
1022,R1,6,0.4416666666666666,0.4906627366957128,7
1022,R2,1,0.1666666666666666,0.4922700316826219,40
1022,R2,2,0.2916666666666667,0.4883386720927095,25
1022,R2,3,0.3416666666666667,0.4870163950163444,19
1022,R2,4,0.375,0.4870374430826072,15
1022,R2,5,0.4166666666666667,0.4858824886640371,10
1022,R2,6,0.4416666666666666,0.4857789166121048,7
1022,R3,1,0.1583333333333333,0.4902389247085955,41
1022,R3,2,0.325,0.4868504875603367,21
1022,R3,3,0.3583333333333333,0.4877611613601715,17
1022,R3,4,0.3916666666666666,0.4857009013654536,13
1022,R3,5,0.4083333333333333,0.484617972411642,11
1022,R3,6,0.425,0.4794019190592215,9
1023,R0,1,0.2,0.5147765567755141,36
1023,R0,2,0.3166666666666666,0.5141481574470527,22
1023,R0,3,0.3833333333333333,0.5136618283927722,14
1023,R0,4,0.4416666666666666,0.5133633347616212,7
1023,R0,5,0.4583333333333333,0.5128531224158331,5
1023,R0,6,0.4666666666666667,0.512306326947286,4
1023,R1,1,0.1583333333333333,0.514972332762877,41
1023,R1,2,0.3166666666666666,0.5141374276537217,22
1023,R1,3,0.375,0.5136425940178364,15
1023,R1,4,0.4083333333333333,0.5130636359817976,11
1023,R1,5,0.425,0.5123021006182191,9
1023,R1,6,0.45,0.5118526472573157,6
1023,R2,1,0.1666666666666666,0.5183047485406315,40
1023,R2,2,0.3,0.5131212316636795,24
1023,R2,3,0.3583333333333333,0.5119928389495092,17
1023,R2,4,0.3833333333333333,0.5118905401915225,14
1023,R2,5,0.4083333333333333,0.5146814065355003,11
1023,R2,6,0.4083333333333333,0.5124020425145923,11
1023,R3,1,0.1666666666666666,0.5179104738964138,40
1023,R3,2,0.2833333333333333,0.5127574581757184,26
1023,R3,3,0.3666666666666666,0.5145877599488138,16
1023,R3,4,0.4,0.5097410594855596,12
1023,R3,5,0.4166666666666667,0.5085386409927863,10
1023,R3,6,0.4416666666666666,0.5069827790213577,7
1024,R0,1,0.1833333333333333,0.5117876358179061,38
1024,R0,2,0.3333333333333333,0.5111893002348559,20
1024,R0,3,0.375,0.5105689778140916,15
1024,R0,4,0.425,0.5100695182258094,9
1024,R0,5,0.425,0.509563800807548,9
1024,R0,6,0.425,0.5092147788671272,9
1024,R1,1,0.175,0.5116523927000456,39
1024,R1,2,0.3083333333333333,0.5110503419377642,23
1024,R1,3,0.35,0.5104079937008416,18
1024,R1,4,0.3916666666666666,0.5099803788016026,13
1024,R1,5,0.4083333333333333,0.5094609738395555,11
1024,R1,6,0.4333333333333333,0.509111879727551,8
1024,R2,1,0.1666666666666666,0.5099454598688676,40
1024,R2,2,0.275,0.5095753495479123,27
1024,R2,3,0.325,0.5085188324661161,21
1024,R2,4,0.3583333333333333,0.5060163459553756,17
1024,R2,5,0.3666666666666666,0.5032793869213736,16
1024,R2,6,0.375,0.502559861756378,15
1024,R3,1,0.1583333333333333,0.5113007629546663,41
1024,R3,2,0.2666666666666666,0.5121233049375398,28
1024,R3,3,0.3416666666666667,0.5105010625605828,19
1024,R3,4,0.3833333333333333,0.5115902813523273,14
1024,R3,5,0.4,0.5144635771512495,12
1024,R3,6,0.4,0.5111017038977131,12
1025,R0,1,0.2,0.50085373094814,36
1025,R0,2,0.3166666666666666,0.4999007429512515,22
1025,R0,3,0.3833333333333333,0.4992665626458394,14
1025,R0,4,0.4166666666666667,0.4988354253396299,10
1025,R0,5,0.4666666666666667,0.4983069901660705,4
1025,R0,6,0.4666666666666667,0.4978863235509317,4
1025,R1,1,0.1916666666666666,0.5009345239677887,37
1025,R1,2,0.2833333333333333,0.5001779116607086,26
1025,R1,3,0.35,0.4995240510179498,18
1025,R1,4,0.4,0.4986168730689471,12
1025,R1,5,0.4166666666666667,0.4982507742833519,10
1025,R1,6,0.425,0.4977493349640949,9
1025,R2,1,0.1583333333333333,0.5001418400425509,41
1025,R2,2,0.2666666666666666,0.4977262287875243,28
1025,R2,3,0.35,0.4994930510690444,18
1025,R2,4,0.4166666666666667,0.5018943566375443,10
1025,R2,5,0.4333333333333333,0.4999233259010193,8
1025,R2,6,0.45,0.5024519706753634,6
1025,R3,1,0.1416666666666666,0.4968780361649761,43
1025,R3,2,0.2833333333333333,0.4930889927477352,26
1025,R3,3,0.325,0.4912344374710473,21
1025,R3,4,0.4,0.4943254465036596,12
1025,R3,5,0.4083333333333333,0.4950911104789692,11
1025,R3,6,0.4166666666666667,0.4938006402937253,10
1026,R0,1,0.2,0.5249186735477055,36
1026,R0,2,0.35,0.5242418636722552,18
1026,R0,3,0.4166666666666667,0.5236833309833061,10
1026,R0,4,0.4333333333333333,0.5231085240752081,8
1026,R0,5,0.4666666666666667,0.5228175442454057,4
1026,R0,6,0.4666666666666667,0.5222648552972396,4
1026,R1,1,0.1583333333333333,0.5249666358542217,41
1026,R1,2,0.275,0.5241437982940903,27
1026,R1,3,0.3333333333333333,0.5238177434929798,20
1026,R1,4,0.3416666666666667,0.5233850505379052,19
1026,R1,5,0.3666666666666666,0.522863435198818,16
1026,R1,6,0.3833333333333333,0.522286147391642,14
1026,R2,1,0.1583333333333333,0.5242423656583034,41
1026,R2,2,0.2666666666666666,0.5216385594331859,28
1026,R2,3,0.3583333333333333,0.5242672504911521,17
1026,R2,4,0.3666666666666666,0.5227751627837234,16
1026,R2,5,0.3833333333333333,0.5163055964544533,14
1026,R2,6,0.3916666666666666,0.5178594295269187,13
1026,R3,1,0.1583333333333333,0.5211537510378234,41
1026,R3,2,0.25,0.513177028301016,30
1026,R3,3,0.3,0.5122279021101928,24
1026,R3,4,0.3416666666666667,0.5121242221607423,19
1026,R3,5,0.3583333333333333,0.5115891418569566,17
1026,R3,6,0.3666666666666666,0.5091291607462382,16
1027,R0,1,0.2083333333333333,0.5119246126302154,35
1027,R0,2,0.3833333333333333,0.5114015444311578,14
1027,R0,3,0.425,0.5109321588425667,9
1027,R0,4,0.45,0.5104149967830854,6
1027,R0,5,0.4666666666666667,0.5100507585520283,4
1027,R0,6,0.475,0.509839937563127,3
1027,R1,1,0.1583333333333333,0.5119072681653904,41
1027,R1,2,0.3,0.5113421296237303,24
1027,R1,3,0.375,0.5108686643493865,15
1027,R1,4,0.4333333333333333,0.5102845308668115,8
1027,R1,5,0.4583333333333333,0.5098608592958844,5
1027,R1,6,0.4583333333333333,0.5090532875508107,5
1027,R2,1,0.175,0.5120518075242647,39
1027,R2,2,0.2916666666666667,0.5101822982774211,25
1027,R2,3,0.3666666666666666,0.5119742040102282,16
1027,R2,4,0.4083333333333333,0.510392944942382,11
1027,R2,5,0.45,0.5100847522030996,6
1027,R2,6,0.4583333333333333,0.5094631167006333,5
1027,R3,1,0.2,0.5105073819667832,36
1027,R3,2,0.35,0.5049638397220854,18
1027,R3,3,0.4083333333333333,0.5058434041553639,11
1027,R3,4,0.4166666666666667,0.502875004040613,10
1027,R3,5,0.4416666666666666,0.4998657029895695,7
1027,R3,6,0.4583333333333333,0.503179143017168,5
1028,R0,1,0.225,0.5465386975770673,33
1028,R0,2,0.3666666666666666,0.5460826467813931,16
1028,R0,3,0.4166666666666667,0.5454522198720795,10
1028,R0,4,0.4333333333333333,0.5448204176074787,8
1028,R0,5,0.4333333333333333,0.5445407437901143,8
1028,R0,6,0.4583333333333333,0.5438549234539634,5
1028,R1,1,0.1416666666666666,0.5462555917914866,43
1028,R1,2,0.2583333333333333,0.5455251717444877,29
1028,R1,3,0.3416666666666667,0.5449627596554224,19
1028,R1,4,0.35,0.5443132052447198,18
1028,R1,5,0.3833333333333333,0.5435408700811846,14
1028,R1,6,0.3833333333333333,0.5429401375991847,14
1028,R2,1,0.15,0.542103581321555,42
1028,R2,2,0.275,0.5445351826675375,27
1028,R2,3,0.325,0.5467339031061191,21
1028,R2,4,0.3666666666666666,0.544993003240392,16
1028,R2,5,0.3916666666666666,0.5370504388375429,13
1028,R2,6,0.4,0.5404568470281156,12
1028,R3,1,0.1666666666666666,0.5456705311372885,40
1028,R3,2,0.3166666666666666,0.5436731834194913,22
1028,R3,3,0.35,0.5367428618611868,18
1028,R3,4,0.4,0.5347472614023929,12
1028,R3,5,0.4333333333333333,0.5296176961609679,8
1028,R3,6,0.45,0.5272026258419937,6
1029,R0,1,0.1833333333333333,0.5326714282744962,38
1029,R0,2,0.3583333333333333,0.5322133799467167,17
1029,R0,3,0.4,0.5316863992768263,12
1029,R0,4,0.4583333333333333,0.5313827672766301,5
1029,R0,5,0.475,0.5311042402712062,3
1029,R0,6,0.4833333333333333,0.5308153339916735,2
1029,R1,1,0.1583333333333333,0.5324503287093084,41
1029,R1,2,0.275,0.5319629423105672,27
1029,R1,3,0.3416666666666667,0.5313543956902317,19
1029,R1,4,0.3833333333333333,0.5307353801481481,14
1029,R1,5,0.425,0.5302195542070443,9
1029,R1,6,0.4583333333333333,0.5296721307636522,5
1029,R2,1,0.175,0.5287034093086495,39
1029,R2,2,0.2833333333333333,0.5290210387939666,26
1029,R2,3,0.3583333333333333,0.5266551857306124,17
1029,R2,4,0.3916666666666666,0.5235962261631271,13
1029,R2,5,0.4,0.526786965440701,12
1029,R2,6,0.4416666666666666,0.5256256775468839,7
1029,R3,1,0.1583333333333333,0.5345761652321603,41
1029,R3,2,0.2833333333333333,0.5289893977399145,26
1029,R3,3,0.35,0.5241523981986039,18
1029,R3,4,0.3916666666666666,0.5201525600058498,13
1029,R3,5,0.4,0.520162223824242,12
1029,R3,6,0.4333333333333333,0.5179604624368742,8
1030,R0,1,0.1833333333333333,0.5145845007159837,38
1030,R0,2,0.3166666666666666,0.5138353985496981,22
1030,R0,3,0.3916666666666666,0.5132836459787055,13
1030,R0,4,0.4166666666666667,0.512729515782749,10
1030,R0,5,0.4166666666666667,0.5122814648793066,10
1030,R0,6,0.4333333333333333,0.5116625241467262,8
1030,R1,1,0.1666666666666666,0.5146487500951766,40
1030,R1,2,0.2916666666666667,0.5141463198971045,25
1030,R1,3,0.35,0.5135653223274576,18
1030,R1,4,0.3666666666666666,0.5131321336675619,16
1030,R1,5,0.375,0.5126917777449627,15
1030,R1,6,0.4083333333333333,0.5122562399621672,11
1030,R2,1,0.175,0.5126056453334127,39
1030,R2,2,0.2916666666666667,0.509161093392421,25
1030,R2,3,0.3416666666666667,0.5086921086025528,19
1030,R2,4,0.375,0.5073087426979404,15
1030,R2,5,0.4083333333333333,0.5053155984407628,11
1030,R2,6,0.4166666666666667,0.5048394650165104,10
1030,R3,1,0.1666666666666666,0.5088266574723658,40
1030,R3,2,0.3166666666666666,0.506649087701642,22
1030,R3,3,0.375,0.5032141844821966,15
1030,R3,4,0.4,0.5039816139289215,12
1030,R3,5,0.4166666666666667,0.5020385587300226,10
1030,R3,6,0.425,0.5022629697493444,9
1031,R0,1,0.2083333333333333,0.5012624705090116,35
1031,R0,2,0.3666666666666666,0.5006307771179415,16
1031,R0,3,0.4166666666666667,0.5001161110064214,10
1031,R0,4,0.4416666666666666,0.4997379122378137,7
1031,R0,5,0.45,0.499230172321476,6
1031,R0,6,0.4666666666666667,0.498871744255438,4
1031,R1,1,0.175,0.5014748347332075,39
1031,R1,2,0.3083333333333333,0.5008326657866103,23
1031,R1,3,0.3666666666666666,0.5002609760866985,16
1031,R1,4,0.3916666666666666,0.4997281866687906,13
1031,R1,5,0.4,0.4991593819782715,12
1031,R1,6,0.4166666666666667,0.4985897685701442,10
1031,R2,1,0.1916666666666666,0.4995074803564893,37
1031,R2,2,0.3083333333333333,0.4937037781123184,23
1031,R2,3,0.3583333333333333,0.4915082944010004,17
1031,R2,4,0.3833333333333333,0.4938749898728973,14
1031,R2,5,0.4166666666666667,0.4947305108880145,10
1031,R2,6,0.425,0.4905082867630034,9
1031,R3,1,0.2,0.5017631863802022,36
1031,R3,2,0.3083333333333333,0.5007836262203396,23
1031,R3,3,0.375,0.4978123092137466,15
1031,R3,4,0.425,0.4958244564116676,9
1031,R3,5,0.425,0.4970468224414451,9
1031,R3,6,0.4333333333333333,0.4943231005639046,8
1032,R0,1,0.2,0.513984191504732,36
1032,R0,2,0.35,0.5134522043785942,18
1032,R0,3,0.3833333333333333,0.5126421977466382,14
1032,R0,4,0.425,0.5120588168448084,9
1032,R0,5,0.4416666666666666,0.511547226697884,7
1032,R0,6,0.4583333333333333,0.5113036685681845,5
1032,R1,1,0.1916666666666666,0.5141498881644794,37
1032,R1,2,0.2916666666666667,0.5135550532610265,25
1032,R1,3,0.35,0.513138296200552,18
1032,R1,4,0.3833333333333333,0.5127178316087648,14
1032,R1,5,0.4083333333333333,0.5123219486688998,11
1032,R1,6,0.425,0.5119096466750848,9
1032,R2,1,0.2083333333333333,0.5121134103852952,35
1032,R2,2,0.3166666666666666,0.5080290088135223,22
1032,R2,3,0.3583333333333333,0.5079799488005394,17
1032,R2,4,0.375,0.5070888824437255,15
1032,R2,5,0.4083333333333333,0.5061295975374781,11
1032,R2,6,0.425,0.5039421503949859,9
1032,R3,1,0.1833333333333333,0.517282917924351,38
1032,R3,2,0.3333333333333333,0.5110436271159722,20
1032,R3,3,0.35,0.5104391139715996,18
1032,R3,4,0.3833333333333333,0.5069182007574597,14
1032,R3,5,0.4,0.5109388329886109,12
1032,R3,6,0.4,0.5055849012184435,12
1033,R0,1,0.2,0.5004211004574779,36
1033,R0,2,0.375,0.5000317486901847,15
1033,R0,3,0.4166666666666667,0.499744513919626,10
1033,R0,4,0.4333333333333333,0.4992139510537329,8
1033,R0,5,0.4416666666666666,0.4988297797316631,7
1033,R0,6,0.45,0.4983679988799479,6
1033,R1,1,0.2,0.5005077446834839,36
1033,R1,2,0.3166666666666666,0.4998865602303325,22
1033,R1,3,0.3583333333333333,0.4993361028643445,17
1033,R1,4,0.3916666666666666,0.4988554761267829,13
1033,R1,5,0.4166666666666667,0.4984510370478927,10
1033,R1,6,0.4166666666666667,0.4980881356887361,10
1033,R2,1,0.1833333333333333,0.5016541400887623,38
1033,R2,2,0.3166666666666666,0.5031112000797208,22
1033,R2,3,0.3666666666666666,0.5121846557680525,16
1033,R2,4,0.3916666666666666,0.5078164521780927,13
1033,R2,5,0.3916666666666666,0.5064735038486277,13
1033,R2,6,0.4333333333333333,0.505161552851216,8
1033,R3,1,0.2,0.4999823613660332,36
1033,R3,2,0.325,0.4984997478055026,21
1033,R3,3,0.3916666666666666,0.4998980919721468,13
1033,R3,4,0.4083333333333333,0.4959537824202715,11
1033,R3,5,0.4166666666666667,0.4952435307751829,10
1033,R3,6,0.4166666666666667,0.4953492414237989,10
1034,R0,1,0.2,0.5130890798684423,36
1034,R0,2,0.3833333333333333,0.5126137826105714,14
1034,R0,3,0.45,0.5121102225715275,6
1034,R0,4,0.4583333333333333,0.5115265412770957,5
1034,R0,5,0.475,0.5110784256371699,3
1034,R0,6,0.475,0.5107275417162244,3
1034,R1,1,0.1666666666666666,0.5130206444918665,40
1034,R1,2,0.3083333333333333,0.5125270131427083,23
1034,R1,3,0.3666666666666666,0.5120987453654517,16
1034,R1,4,0.425,0.5112784524812864,9
1034,R1,5,0.45,0.5108657501045559,6
1034,R1,6,0.45,0.510291346873483,6
1034,R2,1,0.175,0.5121691177313451,39
1034,R2,2,0.3083333333333333,0.5089143283320494,23
1034,R2,3,0.3916666666666666,0.5100156692644473,13
1034,R2,4,0.425,0.5133174682969116,9
1034,R2,5,0.4333333333333333,0.5117281875126657,8
1034,R2,6,0.4416666666666666,0.5157867785321302,7
1034,R3,1,0.175,0.5160238545169727,39
1034,R3,2,0.3166666666666666,0.515057674821362,22
1034,R3,3,0.3833333333333333,0.5140173384096766,14
1034,R3,4,0.425,0.5100605293112135,9
1034,R3,5,0.4333333333333333,0.5055610875228403,8
1034,R3,6,0.4583333333333333,0.5059491068792199,5
1035,R0,1,0.2083333333333333,0.4869230120621868,35
1035,R0,2,0.3833333333333333,0.4862578410243978,14
1035,R0,3,0.4,0.485600865046793,12
1035,R0,4,0.4416666666666666,0.4850231157967919,7
1035,R0,5,0.45,0.4844143143313875,6
1035,R0,6,0.4583333333333333,0.4840052166959556,5
1035,R1,1,0.1833333333333333,0.4865452913475875,38
1035,R1,2,0.2833333333333333,0.4859542800813159,26
1035,R1,3,0.325,0.4851418311974632,21
1035,R1,4,0.3583333333333333,0.4845744494470644,17
1035,R1,5,0.3916666666666666,0.4839251809851697,13
1035,R1,6,0.4083333333333333,0.4835922914324401,11
1035,R2,1,0.1583333333333333,0.4837554420982936,41
1035,R2,2,0.2666666666666666,0.4860930613467849,28
1035,R2,3,0.3583333333333333,0.4817843401119869,17
1035,R2,4,0.3666666666666666,0.4775371997515132,16
1035,R2,5,0.4083333333333333,0.4770443385808146,11
1035,R2,6,0.4333333333333333,0.4728116446254761,8
1035,R3,1,0.15,0.4867025345170823,42
1035,R3,2,0.275,0.4840294360741554,27
1035,R3,3,0.325,0.4810770604214445,21
1035,R3,4,0.375,0.4783657321101879,15
1035,R3,5,0.3916666666666666,0.4760906777658736,13
1035,R3,6,0.4166666666666667,0.4735120856278161,10
1036,R0,1,0.2083333333333333,0.522986629023226,35
1036,R0,2,0.3666666666666666,0.5222845392601851,16
1036,R0,3,0.4333333333333333,0.5219041269811371,8
1036,R0,4,0.45,0.5213617611237905,6
1036,R0,5,0.4583333333333333,0.520932836004202,5
1036,R0,6,0.4666666666666667,0.5201009345035256,4
1036,R1,1,0.1916666666666666,0.5231168985587769,37
1036,R1,2,0.3083333333333333,0.5224978207656992,23
1036,R1,3,0.35,0.521923661739245,18
1036,R1,4,0.4,0.5213270431719568,12
1036,R1,5,0.425,0.5209586678991867,9
1036,R1,6,0.425,0.5202056159320112,9
1036,R2,1,0.1416666666666666,0.5203159091387215,43
1036,R2,2,0.2666666666666666,0.5150507294098625,28
1036,R2,3,0.35,0.5192495470410338,18
1036,R2,4,0.4,0.5093141769901781,12
1036,R2,5,0.4083333333333333,0.5119675010426551,11
1036,R2,6,0.4333333333333333,0.5118417946274483,8
1036,R3,1,0.1583333333333333,0.5182825379151207,41
1036,R3,2,0.2666666666666666,0.5138157216619509,28
1036,R3,3,0.3333333333333333,0.5170820849406508,20
1036,R3,4,0.3583333333333333,0.511453366823573,17
1036,R3,5,0.3916666666666666,0.5098981358980638,13
1036,R3,6,0.4,0.5067311216232611,12
1037,R0,1,0.2083333333333333,0.490246842621289,35
1037,R0,2,0.3416666666666667,0.4896994858824229,19
1037,R0,3,0.3916666666666666,0.4890170173019177,13
1037,R0,4,0.4,0.48867977056676,12
1037,R0,5,0.4416666666666666,0.4881033706635856,7
1037,R0,6,0.45,0.487550729113588,6
1037,R1,1,0.1833333333333333,0.4903434722096255,38
1037,R1,2,0.2916666666666667,0.4899247572246359,25
1037,R1,3,0.3416666666666667,0.4893655295775254,19
1037,R1,4,0.4,0.488872666721332,12
1037,R1,5,0.4166666666666667,0.488422825760427,10
1037,R1,6,0.4166666666666667,0.4879617994560601,10
1037,R2,1,0.1833333333333333,0.4911987281338523,38
1037,R2,2,0.325,0.4868282649822434,21
1037,R2,3,0.3666666666666666,0.4873721459739644,16
1037,R2,4,0.3833333333333333,0.4864820397886997,14
1037,R2,5,0.4083333333333333,0.4828185917998407,11
1037,R2,6,0.4166666666666667,0.4828034315998302,10
1037,R3,1,0.1583333333333333,0.4870020308897583,41
1037,R3,2,0.3,0.4817071942962563,24
1037,R3,3,0.3416666666666667,0.4767567095813498,19
1037,R3,4,0.3666666666666666,0.4728730734068134,16
1037,R3,5,0.3833333333333333,0.472288970935441,14
1037,R3,6,0.4166666666666667,0.4707231080591462,10
1038,R0,1,0.2416666666666666,0.5031534972712511,31
1038,R0,2,0.4,0.5026271259297937,12
1038,R0,3,0.45,0.5021925419651933,6
1038,R0,4,0.4666666666666667,0.5019310103923277,4
1038,R0,5,0.4666666666666667,0.5016067081661919,4
1038,R0,6,0.4666666666666667,0.5012633573991213,4
1038,R1,1,0.1833333333333333,0.5029368381158014,38
1038,R1,2,0.3166666666666666,0.5024713470812752,22
1038,R1,3,0.3916666666666666,0.501929263206631,13
1038,R1,4,0.4166666666666667,0.5015460797799048,10
1038,R1,5,0.425,0.501204984366771,9
1038,R1,6,0.45,0.5006436387569964,6
1038,R2,1,0.1916666666666666,0.5048533194515955,37
1038,R2,2,0.3166666666666666,0.501242746484961,22
1038,R2,3,0.3583333333333333,0.5018023933576952,17
1038,R2,4,0.3833333333333333,0.4983285451411738,14
1038,R2,5,0.4,0.4975429721792265,12
1038,R2,6,0.425,0.4974797039863857,9
1038,R3,1,0.1666666666666666,0.4983349884513889,40
1038,R3,2,0.3333333333333333,0.5016381087829848,20
1038,R3,3,0.375,0.4988950083719515,15
1038,R3,4,0.4,0.498302976475638,12
1038,R3,5,0.4333333333333333,0.501525515138548,8
1038,R3,6,0.4333333333333333,0.4959932469738563,8
1039,R0,1,0.2,0.4938947528147288,36
1039,R0,2,0.3833333333333333,0.4932072028899302,14
1039,R0,3,0.425,0.4928375899903444,9
1039,R0,4,0.45,0.4923304952625656,6
1039,R0,5,0.4833333333333333,0.4919661251005296,2
1039,R0,6,0.4916666666666666,0.4913694338246661,1
1039,R1,1,0.1833333333333333,0.4941849021671665,38
1039,R1,2,0.3,0.4936189374983719,24
1039,R1,3,0.3666666666666666,0.4932291217073015,16
1039,R1,4,0.4083333333333333,0.4926199836295987,11
1039,R1,5,0.4166666666666667,0.4920467921676635,10
1039,R1,6,0.425,0.4913937558665905,9
1039,R2,1,0.1833333333333333,0.4928791090739741,38
1039,R2,2,0.3166666666666666,0.4947984345359163,22
1039,R2,3,0.375,0.4922352969473982,15
1039,R2,4,0.4,0.4902548965440487,12
1039,R2,5,0.4083333333333333,0.4905016022545595,11
1039,R2,6,0.425,0.4869476354158054,9
1039,R3,1,0.2,0.4915553739703752,36
1039,R3,2,0.3333333333333333,0.4873944072398979,20
1039,R3,3,0.3833333333333333,0.4803702059731908,14
1039,R3,4,0.4166666666666667,0.4796713843760845,10
1039,R3,5,0.4333333333333333,0.4761496174482461,8
1039,R3,6,0.4416666666666666,0.4733018997844481,7
