contrast,metric,n,mean_diff,sd_diff,ci_low,ci_high,cohen_dz,p_value,mcse,scenario
R1-R0,placement_rate,10,-0.0416666666666666,0.0218722440944772,-0.057313127528727,-0.0260202058046062,-1.9050019050028584,0.0001965985202016,0.0069166108877715,high_credential_prior
R1-R0,ground_truth_fit,10,0.0311761974843684,0.0161339493480244,0.0196346653976782,0.0427177295710586,1.9323351531524369,0.0001769594374501,0.0051020027593545,high_credential_prior
R1-R0,search_rounds,10,0.274839947065632,0.1667423472225774,0.1555596574622028,0.3941202366690612,1.648291220818426,0.0005548274589713,0.0527285599625995,high_credential_prior
R1-R0,applications_per_hire,10,0.8311865078635627,0.5017676443162009,0.4722435583093363,1.1901294574177892,1.6565167508883267,0.0005359254215084,0.1586728612216435,high_credential_prior
R1-R0,fill_rate,10,-0.0833333333333333,0.0437444881889544,-0.114626255057454,-0.0520404116092125,-1.9050019050028584,0.0001965985202016,0.013833221775543,high_credential_prior
R1-R0,vacancy_duration,10,0.7566666666666668,0.3692000026751201,0.4925568950686318,1.0207764382647018,2.0494763304010606,0.0001139415843459,0.1167512920593638,high_credential_prior
R1-R0,credential_sensitivity,10,-0.0079225067003679,0.0125846328632379,-0.0169250107281905,0.0010799973274547,-0.6295381666247121,0.077699580276407,0.0039796103364838,high_credential_prior
R1-R0,investment_alignment,10,0.0039576048813877,0.0187755490818601,-0.009473613817712,0.0173888235804876,0.2107850409132056,0.5217714776602498,0.0059373499418961,high_credential_prior
R1-R0,total_gap_reduction,10,0.0003229100275317,0.0003075819165477,0.0001028791793776,0.0005429408756858,1.0498342397890783,0.0089422062462065,9.72659423370572e-05,high_credential_prior
R1-R0,evidence_conversion,10,0.0,0.0,,,,,0.0,high_credential_prior
R1-R0,evidence_opportunity_gap,10,0.0466666666666666,0.1415958428628799,-0.0546248973820315,0.1479582307153648,0.3295765308015309,0.3244990571858386,0.0447765370657997,high_credential_prior
R2-R1,placement_rate,10,0.0083333333333333,0.0283278861866265,-0.0119312156818209,0.0285978823484876,0.2941742027072758,0.3765140071654222,0.0089580641647761,high_credential_prior
R2-R1,ground_truth_fit,10,0.0012837474476769,0.0187257880384887,-0.0121118743453987,0.0146793692407527,0.0685550560028983,0.8332063692376146,0.0059216141183161,high_credential_prior
R2-R1,search_rounds,10,-0.0403542179165002,0.2068050608546,-0.1882936463885219,0.1075852105555214,-0.1951316749684012,0.5524834250527014,0.0653975023950263,high_credential_prior
R2-R1,applications_per_hire,10,-0.1210626537495001,0.6204151825638003,-0.5648809391655655,0.322755631666565,-0.1951316749684002,0.5524834250527034,0.1961925071850792,high_credential_prior
R2-R1,fill_rate,10,0.0166666666666666,0.0566557723732531,-0.0238624313636419,0.0571957646969752,0.2941742027072758,0.3765140071654222,0.0179161283295523,high_credential_prior
R2-R1,vacancy_duration,10,-0.0933333333333334,0.3899351006463117,-0.3722761004610387,0.1856094337943719,-0.2393560702245958,0.4684546269281276,0.123308305768934,high_credential_prior
R2-R1,credential_sensitivity,10,-0.0160774802209959,0.0073474107737662,-0.0213335012590128,-0.010821459182979,-2.1881831186572924,6.91397075388828e-05,0.0023234552949961,high_credential_prior
R2-R1,investment_alignment,10,0.2622700127244223,0.0200828752051193,0.2479035892546931,0.2766364361941514,13.059385672902373,1.4263127473880596e-11,0.0063507627613098,high_credential_prior
R2-R1,total_gap_reduction,10,0.0072165602785945,0.0008962439767109,0.0065754259604197,0.0078576945967693,8.052004215501558,1.069644698866745e-09,0.0002834172305613,high_credential_prior
R2-R1,evidence_conversion,10,0.0,0.0,,,,,0.0,high_credential_prior
R2-R1,evidence_opportunity_gap,10,-0.0366666666666666,0.092228915419765,-0.1026432582423798,0.0293099249090465,-0.3975615076875212,0.240325349380153,0.0291653438853481,high_credential_prior
R3-R2,placement_rate,10,-0.0008333333333333,0.0276245775343373,-0.0205947656470436,0.0189280989803769,-0.0301663738494279,0.9260917800890676,0.0087356584408424,high_credential_prior
R3-R2,ground_truth_fit,10,-0.0036477548344111,0.0102959565377014,-0.0110130384472297,0.0037175287784073,-0.3542900381381698,0.2915639951432752,0.0032558673349237,high_credential_prior
R3-R2,search_rounds,10,-0.0406611445899165,0.2449488461567775,-0.2158869932977132,0.1345647041178801,-0.1659985144975604,0.6123135001382091,0.0774596264085598,high_credential_prior
R3-R2,applications_per_hire,10,-0.12198343376975,0.7348465384703328,-0.6476609798931403,0.4036941123536401,-0.165998514497561,0.6123135001382076,0.2323788792256796,high_credential_prior
R3-R2,fill_rate,10,-0.0016666666666666,0.0552491550686747,-0.0411895312940872,0.0378561979607539,-0.0301663738494279,0.9260917800890676,0.0174713168816848,high_credential_prior
R3-R2,vacancy_duration,10,-0.0299999999999999,0.3076995488226769,-0.2501149972143596,0.1901149972143597,-0.0974977055208115,0.7648595044811066,0.097303140928584,high_credential_prior
R3-R2,credential_sensitivity,10,-0.001501901037281,0.0120346706553872,-0.0101109858016947,0.0071071837271327,-0.124797851165848,0.702293557227571,0.0038056970161014,high_credential_prior
R3-R2,investment_alignment,10,-0.0037663884845935,0.0155533639964004,-0.014892594830494,0.0073598178613069,-0.2421590908221026,0.4634197043382156,0.0049184055506284,high_credential_prior
R3-R2,total_gap_reduction,10,0.0047684273013367,0.0016994633888371,0.0035527044296877,0.0059841501729857,2.8058429105668603,9.590526651464871e-06,0.0005374175108793,high_credential_prior
R3-R2,evidence_conversion,10,0.0677630459732085,0.0114382006055873,0.0595806501781238,0.0759454417682932,5.924275007041564,1.61495741919629e-08,0.0036170766247573,high_credential_prior
R3-R2,evidence_opportunity_gap,10,0.0066666666666666,0.0699205898780101,-0.0433515101721104,0.0566848435054437,0.0953462589245589,0.7698749998921373,0.0221108319357026,high_credential_prior
R3-R0,placement_rate,10,-0.0341666666666666,0.0332057744494857,-0.0579206467372105,-0.0104126865961227,-1.0289375035851869,0.0099369997466422,0.0105005878730198,high_credential_prior
R3-R0,ground_truth_fit,10,0.0288121900976342,0.0153036126283826,0.0178646451176208,0.0397597350776476,1.8827051361845184,0.0002143772823061,0.0048394272334605,high_credential_prior
R3-R0,search_rounds,10,0.1938245845592152,0.2016482155243149,0.0495741410072355,0.3380750281111949,0.9612015859165572,0.0140272949341506,0.0637667647165359,high_credential_prior
R3-R0,applications_per_hire,10,0.5881404203443124,0.5977329839022126,0.1605480023834124,1.0157328383052122,0.9839517580320286,0.012488034635044,0.1890197661739752,high_credential_prior
R3-R0,fill_rate,10,-0.0683333333333333,0.0664115488989715,-0.1158412934744211,-0.0208253731922455,-1.0289375035851869,0.0099369997466422,0.0210011757460397,high_credential_prior
R3-R0,vacancy_duration,10,0.6333333333333334,0.3524167006034158,0.3812296127772838,0.885437053889383,1.79711498419038,0.000300728403925,0.1114439459388429,high_credential_prior
R3-R0,credential_sensitivity,10,-0.0255018879586448,0.0130691882093096,-0.0348510219996049,-0.0161527539176848,-1.9512985466441608,0.0001645924884946,0.0041328401910835,high_credential_prior
R3-R0,investment_alignment,10,0.2624612291212165,0.0257230127022974,0.2440600943422569,0.2808623639001761,10.203362730438442,1.2968420557012842e-10,0.0081343308420702,high_credential_prior
R3-R0,total_gap_reduction,10,0.012307897607463,0.001436767873644,0.0112800957867749,0.0133356994281511,8.566378628891744,6.166466570376896e-10,0.0004543458949672,high_credential_prior
R3-R0,evidence_conversion,10,0.0677630459732085,0.0114382006055873,0.0595806501781238,0.0759454417682932,5.924275007041564,1.61495741919629e-08,0.0036170766247573,high_credential_prior
R3-R0,evidence_opportunity_gap,10,0.0166666666666666,0.1335646142241256,-0.0788797025118692,0.1122130358452026,0.1247835496211554,0.7023257702941483,0.042236839574996,high_credential_prior
R1-R0,placement_rate,10,-0.0416666666666666,0.0242161052418926,-0.0589898247871669,-0.0243435085461663,-1.7206180040292132,0.0004104082706725,0.0076578048622723,high_explanation_uptake
R1-R0,ground_truth_fit,10,0.0178840902716226,0.0137442426811313,0.0080520513523385,0.0277161291909066,1.3012059439385963,0.0026182807512285,0.0043463111586474,high_explanation_uptake
R1-R0,search_rounds,10,0.3230398019755001,0.2064987309220547,0.1753195087362301,0.47076009521477,1.56436700861583,0.0007946062745116,0.0653006323647935,high_explanation_uptake
R1-R0,applications_per_hire,10,0.9691194059265,0.6194961927661642,0.5259585262086905,1.4122802856443095,1.5643670086158306,0.0007946062745116,0.1959018970943805,high_explanation_uptake
R1-R0,fill_rate,10,-0.0833333333333333,0.0484322104837852,-0.1179796495743339,-0.0486870170923327,-1.7206180040292132,0.0004104082706725,0.0153156097245446,high_explanation_uptake
R1-R0,vacancy_duration,10,0.8366666666666667,0.3847237264310746,0.5614518920734287,1.1118814412599043,2.1747207390302714,7.250243781857145e-05,0.1216603245429718,high_explanation_uptake
R1-R0,credential_sensitivity,10,-0.0092325886627908,0.0120565950405135,-0.0178573571875138,-0.0006078201380678,-0.7657708193537851,0.0385107160051222,0.0038126301154312,high_explanation_uptake
R1-R0,investment_alignment,10,0.0049042296327855,0.0182449632734639,-0.0081474308440679,0.0179558901096391,0.2687990959082086,0.4173538150991978,0.0057695639770267,high_explanation_uptake
R1-R0,total_gap_reduction,10,0.0003713640797855,0.0004676043263789,3.686009564866417e-05,0.0007058680639225,0.7941844393557924,0.0332325951845166,0.0001478694715106,high_explanation_uptake
R1-R0,evidence_conversion,10,0.0,0.0,,,,,0.0,high_explanation_uptake
R1-R0,evidence_opportunity_gap,10,0.0866666666666666,0.1146115285175788,0.0046785182377628,0.1686548150955705,0.7561775659712444,0.0404747999366073,0.036243347622889,high_explanation_uptake
R2-R1,placement_rate,10,0.0033333333333333,0.0193250301454734,-0.0104909604393223,0.017157627105989,0.1724878723728206,0.5986970046727278,0.0061111111111111,high_explanation_uptake
R2-R1,ground_truth_fit,10,0.0068007167749418,0.0096992147197839,-0.0001376834573479,0.0137391170072316,0.7011615859034567,0.0538034307784232,0.0030671610029549,high_explanation_uptake
R2-R1,search_rounds,10,-0.0483535760984611,0.1736683595104647,-0.1725884364228682,0.0758812842259459,-0.2784247875361978,0.4015112720553691,0.0549187573558033,high_explanation_uptake
R2-R1,applications_per_hire,10,-0.145060728295383,0.5210050785313938,-0.5177653092686041,0.2276438526778379,-0.2784247875361972,0.4015112720553699,0.1647562720674098,high_explanation_uptake
R2-R1,fill_rate,10,0.0066666666666666,0.0386500602909468,-0.0209819208786447,0.034315254211978,0.1724878723728206,0.5986970046727278,0.0122222222222222,high_explanation_uptake
R2-R1,vacancy_duration,10,-0.0233333333333332,0.4222368418521576,-0.3253833741075175,0.278716707440851,-0.0552612444498701,0.8651430093522811,0.1335230132289127,high_explanation_uptake
R2-R1,credential_sensitivity,10,-0.0166593680399196,0.0078191282458549,-0.0222528354292622,-0.0110659006505769,-2.1305914823370387,8.484054132577784e-05,0.0024726254573858,high_explanation_uptake
R2-R1,investment_alignment,10,0.3302547447012302,0.0252632405307963,0.3121825111203271,0.3483269782821334,13.072540884002755,1.4135076965454874e-11,0.0079889381153997,high_explanation_uptake
R2-R1,total_gap_reduction,10,0.0099963837531657,0.000967468761493,0.0093042982933208,0.0106884692130106,10.332513204601272,1.1590486639741006e-10,0.000305940485138,high_explanation_uptake
R2-R1,evidence_conversion,10,0.0,0.0,,,,,0.0,high_explanation_uptake
R2-R1,evidence_opportunity_gap,10,-0.0166666666666666,0.1146653746697238,-0.0986933343123673,0.065360000979034,-0.1453504749334526,0.6566768124903742,0.0362603752712904,high_explanation_uptake
R3-R2,placement_rate,10,0.0,0.0301743902533339,-0.0215854584511763,0.0215854584511763,0.0,1.0,0.009541980020732,high_explanation_uptake
R3-R2,ground_truth_fit,10,0.0023430996609314,0.0130715811435944,-0.0070077461820948,0.0116939455039576,0.1792514337165406,0.5846786196980442,0.0041335969033466,high_explanation_uptake
R3-R2,search_rounds,10,0.0212857512767018,0.1189903430634193,-0.0638348123775337,0.1064063149309375,0.1788863762276661,0.5854306615668773,0.0376280503645222,high_explanation_uptake
R3-R2,applications_per_hire,10,0.0638572538301057,0.3569710291902582,-0.1915044371326011,0.3192189447928126,0.1788863762276663,0.5854306615668767,0.1128841510935667,high_explanation_uptake
R3-R2,fill_rate,10,0.0,0.0603487805066678,-0.0431709169023527,0.0431709169023527,0.0,1.0,0.019083960041464,high_explanation_uptake
R3-R2,vacancy_duration,10,0.0466666666666666,0.4119211239371914,-0.2480039540570013,0.3413372873903346,0.1132902974739946,0.7284113604818521,0.130260896797803,high_explanation_uptake
R3-R2,credential_sensitivity,10,0.0003430324706576,0.0111997974715792,-0.0076688199961094,0.0083548849374246,0.0306284530169513,0.9249635728058844,0.0035416869342785,high_explanation_uptake
R3-R2,investment_alignment,10,-0.0055056543058007,0.0172555721269684,-0.0178495469933025,0.006838238381701,-0.3190653004889977,0.3393428204830818,0.0054566910250536,high_explanation_uptake
R3-R2,total_gap_reduction,10,0.0055118143382584,0.0016226359293296,0.0043510505203363,0.0066725781561805,3.396827494467878,1.9665182920946127e-06,0.0005131225349905,high_explanation_uptake
R3-R2,evidence_conversion,10,0.0856697019504109,0.014412310789276,0.0753597558963067,0.095979648004515,5.944203063824863,1.5679517879291436e-08,0.0045575728440331,high_explanation_uptake
R3-R2,evidence_opportunity_gap,10,0.0266666666666666,0.1152560220434661,-0.0557825246568339,0.1091158579901672,0.2313689661839096,0.4829952499600303,0.0364471543707927,high_explanation_uptake
R3-R0,placement_rate,10,-0.0383333333333333,0.0264108096088993,-0.0572264883793358,-0.0194401782873307,-1.4514259085952652,0.0013093796409803,0.0083518313213182,high_explanation_uptake
R3-R0,ground_truth_fit,10,0.0270279067074958,0.0155089490694421,0.0159334728863231,0.0381223405286686,1.7427297353596982,0.0003748183617651,0.0049043603174985,high_explanation_uptake
R3-R0,search_rounds,10,0.2959719771537408,0.2120658763380202,0.1442691879946171,0.4476747663128645,1.395660547866642,0.0016870895759354,0.0670611183227751,high_explanation_uptake
R3-R0,applications_per_hire,10,0.8879159314612227,0.6361976290140606,0.4328075639838515,1.343024298938594,1.3956605478666424,0.0016870895759354,0.2011833549683254,high_explanation_uptake
R3-R0,fill_rate,10,-0.0766666666666666,0.0528216192177987,-0.1144529767586717,-0.0388803565746615,-1.4514259085952652,0.0013093796409803,0.0167036626426365,high_explanation_uptake
R3-R0,vacancy_duration,10,0.86,0.321953911278702,0.6296880461625138,1.090311953837486,2.6711897879555004,1.4298796624798866e-05,0.1018107661240471,high_explanation_uptake
R3-R0,credential_sensitivity,10,-0.0255489242320527,0.0126229685093736,-0.0345788519290834,-0.0165189965350221,-2.024002849494597,0.0001252052158918,0.0039917331322201,high_explanation_uptake
R3-R0,investment_alignment,10,0.329653320028215,0.0288264708752393,0.3090321050128504,0.3502745350435797,11.435784888651511,4.6804916603969934e-11,0.0091157304870263,high_explanation_uptake
R3-R0,total_gap_reduction,10,0.0158795621712097,0.001744558194219,0.0146315804191074,0.017127543923312,9.1023401935402,3.5916716475344005e-10,0.0005516777404442,high_explanation_uptake
R3-R0,evidence_conversion,10,0.0856697019504109,0.014412310789276,0.0753597558963067,0.095979648004515,5.944203063824863,1.5679517879291436e-08,0.0045575728440331,high_explanation_uptake
R3-R0,evidence_opportunity_gap,10,0.0966666666666666,0.1261490398176442,0.0064250798515465,0.1869082534817868,0.766289357464821,0.0384072903404864,0.0398918290467027,high_explanation_uptake
R1-R0,placement_rate,10,-0.0283333333333333,0.0219426862868127,-0.0440301855041526,-0.012636481162514,-1.2912426930316745,0.0027445498585236,0.0069388866648871,high_resource_gradient
R1-R0,ground_truth_fit,10,0.0111255598843912,0.0171339987443739,-0.0011313644442894,0.0233824842130718,0.6493265261878416,0.0702319439597254,0.0054182461458686,high_resource_gradient
R1-R0,search_rounds,10,0.2902851759344343,0.1969326868627263,0.1494080183758247,0.431162333493044,1.474032475557398,0.0011830489174953,0.0622755836222934,high_resource_gradient
R1-R0,applications_per_hire,10,0.8775221944699696,0.5826236853617932,0.4607383175643312,1.294306071375608,1.5061560601077393,0.0010255236044192,0.1842417864504569,high_resource_gradient
R1-R0,fill_rate,10,-0.0566666666666666,0.0438853725736255,-0.0880603710083053,-0.025272962325028,-1.2912426930316745,0.0027445498585236,0.0138777733297742,high_resource_gradient
R1-R0,vacancy_duration,10,0.6599999999999999,0.3253867594261889,0.4272323345330604,0.8927676654669394,2.028355428979017,0.0001231976429433,0.102896328024802,high_resource_gradient
R1-R0,credential_sensitivity,10,-0.0146132984255369,0.0112598173120909,-0.0226680864997092,-0.0065585103513646,-1.2978273110918903,0.0026603936087477,0.0035606668743602,high_resource_gradient
R1-R0,investment_alignment,10,0.0026962150943217,0.0162513856138884,-0.0089293258361657,0.0143217560248091,0.1659067822510795,0.612507129615091,0.0051391393673581,high_resource_gradient
R1-R0,total_gap_reduction,10,0.0001947127191409,0.0002498612891208,1.59727204335564e-05,0.0003734527178482,0.7792832568261941,0.0359038748668216,7.901307727278387e-05,high_resource_gradient
R1-R0,evidence_conversion,10,0.0,0.0,,,,,0.0,high_resource_gradient
R1-R0,evidence_opportunity_gap,10,0.0766666666666666,0.1227765208583223,-0.0111623654203856,0.1644956987537189,0.6244407817610009,0.0797426505362291,0.0388253449103469,high_resource_gradient
R2-R1,placement_rate,10,-0.0083333333333333,0.0192450089729875,-0.0221003834076273,0.0054337167409606,-0.4330127018922194,0.2040986483824915,0.0060858061945018,high_resource_gradient
R2-R1,ground_truth_fit,10,0.0092530810230985,0.016074557613125,-0.0022459647758738,0.0207521268220709,0.5756351898321163,0.1020517198536805,0.0050832214437075,high_resource_gradient
R2-R1,search_rounds,10,-0.1006482981033085,0.1592015621821757,-0.2145342350516461,0.0132376388450291,-0.632206724128346,0.0766499918494472,0.0503439543552601,high_resource_gradient
R2-R1,applications_per_hire,10,-0.3019448943099253,0.4776046865465273,-0.6436027051549382,0.0397129165350875,-0.6322067241283456,0.0766499918494474,0.1510318630657804,high_resource_gradient
R2-R1,fill_rate,10,-0.0166666666666666,0.038490017945975,-0.0442007668152547,0.0108674334819213,-0.4330127018922194,0.2040986483824915,0.0121716123890036,high_resource_gradient
R2-R1,vacancy_duration,10,0.0366666666666666,0.3072980617664747,-0.1831611240093808,0.2564944573427142,0.1193195507185815,0.714678392811766,0.0971761795737165,high_resource_gradient
R2-R1,credential_sensitivity,10,-0.0123939846812996,0.0075821894257564,-0.0178179562493922,-0.006970013113207,-1.6346181802313882,0.0005878596707705,0.0023976988236234,high_resource_gradient
R2-R1,investment_alignment,10,0.2730044531719237,0.0176774411077766,0.2603587735955859,0.2856501327482614,15.443663565753544,3.172678739253237e-12,0.0055900977104064,high_resource_gradient
R2-R1,total_gap_reduction,10,0.0077951629096864,0.0007414154609209,0.0072647862395232,0.0083255395798497,10.513893114669216,9.921824156292567e-11,0.0002344561548973,high_resource_gradient
R2-R1,evidence_conversion,10,0.0,0.0,,,,,0.0,high_resource_gradient
R2-R1,evidence_opportunity_gap,10,-0.0033333333333333,0.1082407011374004,-0.0807640663990795,0.0740973997324129,-0.030795563021178,0.9245556023999484,0.0342287151127763,high_resource_gradient
R3-R2,placement_rate,10,0.0033333333333333,0.0137212100391427,-0.0064822290264414,0.0131488956931081,0.242932899053675,0.4620360046310464,0.0043390275977259,high_resource_gradient
R3-R2,ground_truth_fit,10,0.0006615861665969,0.0135157817693649,-0.0090070216617106,0.0103301939949045,0.048949160165969,0.8804019805014717,0.0042740654748973,high_resource_gradient
R3-R2,search_rounds,10,-0.0141737406460729,0.1855725721635989,-0.1469243617020429,0.118576880409897,-0.0763784242510659,0.8145576230936361,0.0586831999292933,high_resource_gradient
R3-R2,applications_per_hire,10,-0.0425212219382188,0.5567177164907964,-0.4407730851061286,0.3557306412296909,-0.0763784242510661,0.8145576230936356,0.1760495997878798,high_resource_gradient
R3-R2,fill_rate,10,0.0066666666666666,0.0274424200782854,-0.0129644580528828,0.0262977913862162,0.242932899053675,0.4620360046310464,0.0086780551954518,high_resource_gradient
R3-R2,vacancy_duration,10,-0.1066666666666665,0.3017643590536525,-0.3225358848915081,0.109202551558175,-0.353476689563931,0.2926045771198985,0.0954262691270394,high_resource_gradient
R3-R2,credential_sensitivity,10,-0.0036705565151158,0.0091207183234258,-0.0101951253551916,0.00285401232496,-0.4024416043732327,0.2350407363746854,0.0028842243798857,high_resource_gradient
R3-R2,investment_alignment,10,-0.0060592545295583,0.02454045235448,-0.0236144365969797,0.011495927537863,-0.2469088361548552,0.454969135000361,0.0077603724250998,high_resource_gradient
R3-R2,total_gap_reduction,10,0.0041529839264338,0.0012338912554053,0.0032703112956628,0.0050356565572049,3.365761697589412,2.124340666809369e-06,0.0003901906752045,high_resource_gradient
R3-R2,evidence_conversion,10,0.0740494851873264,0.0132840031307783,0.0645466818087881,0.0835522885658646,5.574335120093245,2.7567363779041117e-08,0.0042007706338067,high_resource_gradient
R3-R2,evidence_opportunity_gap,10,-0.0366666666666666,0.092228915419765,-0.1026432582423799,0.0293099249090465,-0.3975615076875213,0.2403253493801527,0.0291653438853481,high_resource_gradient
R3-R0,placement_rate,10,-0.0333333333333333,0.0245326690731329,-0.0508829475766918,-0.0157837190899747,-1.3587324409735149,0.0020003415634906,0.0077579111354271,high_resource_gradient
R3-R0,ground_truth_fit,10,0.0210402270740866,0.0159793132190577,0.0096093150101654,0.0324711391380079,1.316716606380371,0.0024338447991104,0.0050531025217459,high_resource_gradient
R3-R0,search_rounds,10,0.175463137185053,0.1577096784529426,0.0626444295653275,0.2882818448047785,1.112570508711091,0.0065333057717572,0.0498721792964079,high_resource_gradient
R3-R0,applications_per_hire,10,0.5330560782218254,0.4786332202051407,0.1906624987211001,0.8754496577225508,1.1137047236156306,0.0064966046853336,0.1513571139669169,high_resource_gradient
R3-R0,fill_rate,10,-0.0666666666666666,0.0490653381462658,-0.1017658951533837,-0.0315674381799495,-1.3587324409735149,0.0020003415634906,0.0155158222708543,high_resource_gradient
R3-R0,vacancy_duration,10,0.5900000000000001,0.2615480976941094,0.4028997620710288,0.7771002379289713,2.2557992399930504,5.463795552502075e-05,0.0827087706397619,high_resource_gradient
R3-R0,credential_sensitivity,10,-0.0306778396219523,0.0086490773625533,-0.0368650168435294,-0.0244906624003753,-3.546949383846854,1.3657115275052858e-06,0.002735078412467,high_resource_gradient
R3-R0,investment_alignment,10,0.269641413736687,0.026919404128553,0.2503844320887113,0.2888983953846627,10.016618958169357,1.5293736276144763e-10,0.0085126630300767,high_resource_gradient
R3-R0,total_gap_reduction,10,0.0121428595552612,0.0011354726459646,0.0113305913564296,0.0129551277540929,10.69410134926232,8.524020712672132e-11,0.0003590679782066,high_resource_gradient
R3-R0,evidence_conversion,10,0.0740494851873264,0.0132840031307783,0.0645466818087881,0.0835522885658646,5.574335120093245,2.7567363779041117e-08,0.0042007706338067,high_resource_gradient
R3-R0,evidence_opportunity_gap,10,0.0366666666666666,0.1752951655400924,-0.0887319405857092,0.1620652739190426,0.2091710091016771,0.5248900545087198,0.0554331985922952,high_resource_gradient
R1-R0,placement_rate,10,-0.0424999999999999,0.0216773477945851,-0.0580070404479844,-0.0269929595520155,-1.960571948318148,0.000158890080041,0.0068549792662517,low_credential_prior
R1-R0,ground_truth_fit,10,0.0221010662064046,0.0146138108540096,0.0116469756894398,0.0325551567233695,1.5123410606030063,0.0009978659399878,0.004621292759356,low_credential_prior
R1-R0,search_rounds,10,0.2598838155642836,0.208378976196635,0.110818475882924,0.4089491552456432,1.2471690777434594,0.003385902019871,0.0658952181275377,low_credential_prior
R1-R0,applications_per_hire,10,0.7830412772013252,0.6249938100125219,0.3359476390199502,1.2301349153827004,1.2528784520052076,0.0032945361253437,0.1976403963146118,low_credential_prior
R1-R0,fill_rate,10,-0.0849999999999999,0.0433546955891703,-0.1160140808959689,-0.053985919104031,-1.960571948318148,0.000158890080041,0.0137099585325034,low_credential_prior
R1-R0,vacancy_duration,10,0.86,0.3223371442572221,0.6294138978047338,1.090586102195266,2.668013957813462,1.4436920127379542e-05,0.1019319550327085,low_credential_prior
R1-R0,credential_sensitivity,10,-0.009226616831004,0.009911552514261,-0.0163169143709716,-0.0021363192910365,-0.9308952172455888,0.0163865619776604,0.0031343081093433,low_credential_prior
R1-R0,investment_alignment,10,-0.0018019274539663,0.0202035949378682,-0.0162547086182044,0.0126508537102716,-0.0891884567824585,0.7842920365743947,0.0063889376927111,low_credential_prior
R1-R0,total_gap_reduction,10,0.0002093278921098,0.0003920734279388,-7.114454221374676e-05,0.0004898003264335,0.5338997167197574,0.1256152049480164,0.0001239845042316,low_credential_prior
R1-R0,evidence_conversion,10,0.0,0.0,,,,,0.0,low_credential_prior
R1-R0,evidence_opportunity_gap,10,0.0533333333333333,0.0863527076787797,-0.0084396724539478,0.1151063391206144,0.6176220151859745,0.0825556635437045,0.0273071238387655,low_credential_prior
R2-R1,placement_rate,10,0.0024999999999999,0.0118178041034348,-0.0059539477788005,0.0109539477788005,0.2115452226250199,0.5203065629049572,0.0037371177908538,low_credential_prior
R2-R1,ground_truth_fit,10,-0.0002360203920408,0.0139641827818616,-0.0102253949812821,0.0097533541972005,-0.0169018406395664,0.9585423085449272,0.0044158623253589,low_credential_prior
R2-R1,search_rounds,10,0.0691393968004876,0.1741499590759457,-0.0554399790989987,0.1937187726999741,0.3970106979487511,0.2409279405597398,0.05507105251051,low_credential_prior
R2-R1,applications_per_hire,10,0.2074181904014627,0.5224498772278374,-0.1663199372969966,0.5811563180999222,0.3970106979487505,0.2409279405597405,0.1652131575315302,low_credential_prior
R2-R1,fill_rate,10,0.0049999999999999,0.0236356082068696,-0.0119078955576011,0.021907895557601,0.2115452226250199,0.5203065629049572,0.0074742355817076,low_credential_prior
R2-R1,vacancy_duration,10,0.0166666666666667,0.1957890020745121,-0.1233923480804403,0.1567256814137738,0.0851256530758752,0.7938523583924959,0.061913918736689,low_credential_prior
R2-R1,credential_sensitivity,10,-0.0112954841142969,0.0048292205568295,-0.0147501003900804,-0.0078408678385134,-2.338987002431008,4.118547343078992e-05,0.0015271336282887,low_credential_prior
R2-R1,investment_alignment,10,0.2536785738233996,0.0286486386407567,0.2331845723250763,0.274172575321723,8.854821236165346,4.5917042123069176e-10,0.0090594949967901,low_credential_prior
R2-R1,total_gap_reduction,10,0.0074240849275455,0.0009384144294249,0.0067527836847938,0.0080953861702972,7.911307301716025,1.251031783168714e-09,0.000296752698615,low_credential_prior
R2-R1,evidence_conversion,10,0.0,0.0,,,,,0.0,low_credential_prior
R2-R1,evidence_opportunity_gap,10,0.0266666666666666,0.0828504528102544,-0.0326009769139455,0.0859343102472788,0.3218650684714921,0.335339824945319,0.0261996136056702,low_credential_prior
R3-R2,placement_rate,10,0.0024999999999999,0.0215344971592381,-0.0129048512594666,0.0179048512594666,0.1160927966654433,0.7220149391772039,0.0068098059289618,low_credential_prior
R3-R2,ground_truth_fit,10,0.0030626685046713,0.0163456537696376,-0.0086303078020443,0.014755644811387,0.1873689818611198,0.5680934232321659,0.0051689495756572,low_credential_prior
R3-R2,search_rounds,10,0.0111912791035986,0.1326395390895239,-0.0836933311888581,0.1060758893960555,0.0843736278067523,0.795626026468593,0.0419443051317832,low_credential_prior
R3-R2,applications_per_hire,10,0.0335738373107963,0.3979186172685713,-0.2510799935665739,0.3182276681881666,0.0843736278067532,0.7956260264685909,0.1258329153953494,low_credential_prior
R3-R2,fill_rate,10,0.0049999999999999,0.0430689943184762,-0.0258097025189332,0.0358097025189332,0.1160927966654433,0.7220149391772039,0.0136196118579236,low_credential_prior
R3-R2,vacancy_duration,10,0.0099999999999999,0.2652974105591358,-0.1797823347796126,0.1997823347796125,0.037693545439905,0.907737154662704,0.0838944074711674,low_credential_prior
R3-R2,credential_sensitivity,10,-0.0002769185113959,0.0055897463716853,-0.0042755821810055,0.0037217451582136,-0.0495404429794238,0.878970277891894,0.0017676330077187,low_credential_prior
R3-R2,investment_alignment,10,0.0086862949411894,0.0206314438373717,-0.0060725508880203,0.0234451407703992,0.421022154806978,0.2157976973054476,0.0065242353943939,low_credential_prior
R3-R2,total_gap_reduction,10,0.0047372280185808,0.001464324124508,0.0036897136435345,0.0057847423936271,3.235095249265428,2.959613064876048e-06,0.0004630599466177,low_credential_prior
R3-R2,evidence_conversion,10,0.0719175546760777,0.0074047727542818,0.0666204993491588,0.0772146100029967,9.712324343038183,2.0141428820142657e-10,0.0023415947459489,low_credential_prior
R3-R2,evidence_opportunity_gap,10,-0.0133333333333333,0.1371671054400974,-0.1114567694819133,0.0847901028152466,-0.0972050353512502,0.7655411090477175,0.043376047324318,low_credential_prior
R3-R0,placement_rate,10,-0.0374999999999999,0.0153407791905378,-0.0484741323369223,-0.0265258676630776,-2.444465143148,2.908737726893063e-05,0.0048511803323813,low_credential_prior
R3-R0,ground_truth_fit,10,0.0249277143190352,0.008924239944555,0.0185436976441585,0.0313117309939119,2.7932590869258718,9.948644174058364e-06,0.0028220924610648,low_credential_prior
R3-R0,search_rounds,10,0.3402144914683699,0.1671922973253777,0.2206123269515603,0.4598166559851795,2.0348694103189984,0.0001202584033351,0.0528708466784271,low_credential_prior
R3-R0,applications_per_hire,10,1.0240333049135844,0.502786894574915,0.6643612276478744,1.3837053821792944,2.0367143932408203,0.0001194398664809,0.1589951764539687,low_credential_prior
R3-R0,fill_rate,10,-0.0749999999999999,0.0306815583810757,-0.0969482646738446,-0.0530517353261553,-2.444465143148,2.908737726893063e-05,0.0097023606647627,low_credential_prior
R3-R0,vacancy_duration,10,0.8866666666666667,0.3047767853509989,0.6686424884862907,1.1046908448470427,2.909232951077718,7.131746540953087e-06,0.0963788819653397,low_credential_prior
R3-R0,credential_sensitivity,10,-0.0207990194566969,0.0074560728400033,-0.0261327726542135,-0.0154652662591802,-2.789540808279934,1.0057256987002674e-05,0.002357817257453,low_credential_prior
R3-R0,investment_alignment,10,0.2605629413106227,0.0260523814030074,0.2419261903569996,0.2791996922642458,10.001501869634987,1.5501338531401182e-10,0.0082384863704916,low_credential_prior
R3-R0,total_gap_reduction,10,0.0123706408382362,0.0018276434920732,0.0110632234445293,0.0136780582319432,6.768629052596667,4.986507668315396e-09,0.0005779516185735,low_credential_prior
R3-R0,evidence_conversion,10,0.0719175546760777,0.0074047727542818,0.0666204993491588,0.0772146100029967,9.712324343038183,2.0141428820142657e-10,0.0023415947459489,low_credential_prior
R3-R0,evidence_opportunity_gap,10,0.0666666666666666,0.1042314613294095,-0.0078960290147407,0.141229362348074,0.6396021490668314,0.0738115128052857,0.0329608821648696,low_credential_prior
R1-R0,placement_rate,10,-0.0416666666666666,0.0242161052418926,-0.0589898247871669,-0.0243435085461663,-1.7206180040292132,0.0004104082706725,0.0076578048622723,low_explanation_uptake
R1-R0,ground_truth_fit,10,0.0178840902716226,0.0137442426811313,0.0080520513523385,0.0277161291909066,1.3012059439385963,0.0026182807512285,0.0043463111586474,low_explanation_uptake
R1-R0,search_rounds,10,0.3230398019755001,0.2064987309220547,0.1753195087362301,0.47076009521477,1.56436700861583,0.0007946062745116,0.0653006323647935,low_explanation_uptake
R1-R0,applications_per_hire,10,0.9691194059265,0.6194961927661642,0.5259585262086905,1.4122802856443095,1.5643670086158306,0.0007946062745116,0.1959018970943805,low_explanation_uptake
R1-R0,fill_rate,10,-0.0833333333333333,0.0484322104837852,-0.1179796495743339,-0.0486870170923327,-1.7206180040292132,0.0004104082706725,0.0153156097245446,low_explanation_uptake
R1-R0,vacancy_duration,10,0.8366666666666667,0.3847237264310746,0.5614518920734287,1.1118814412599043,2.1747207390302714,7.250243781857145e-05,0.1216603245429718,low_explanation_uptake
R1-R0,credential_sensitivity,10,-0.0092325886627908,0.0120565950405135,-0.0178573571875138,-0.0006078201380678,-0.7657708193537851,0.0385107160051222,0.0038126301154312,low_explanation_uptake
R1-R0,investment_alignment,10,0.0049042296327855,0.0182449632734639,-0.0081474308440679,0.0179558901096391,0.2687990959082086,0.4173538150991978,0.0057695639770267,low_explanation_uptake
R1-R0,total_gap_reduction,10,0.0003713640797855,0.0004676043263789,3.686009564866417e-05,0.0007058680639225,0.7941844393557924,0.0332325951845166,0.0001478694715106,low_explanation_uptake
R1-R0,evidence_conversion,10,0.0,0.0,,,,,0.0,low_explanation_uptake
R1-R0,evidence_opportunity_gap,10,0.0866666666666666,0.1146115285175788,0.0046785182377628,0.1686548150955705,0.7561775659712444,0.0404747999366073,0.036243347622889,low_explanation_uptake
R2-R1,placement_rate,10,0.0033333333333333,0.0402921430321527,-0.0254899294410749,0.0321565961077415,0.0827291149709599,0.7995089565928071,0.0127414943790885,low_explanation_uptake
R2-R1,ground_truth_fit,10,-0.0009444013134499,0.0188625420088149,-0.0144378510036175,0.0125490483767175,-0.0500675525604476,0.8776943527015895,0.0059648595208463,low_explanation_uptake
R2-R1,search_rounds,10,-0.0318844667365308,0.2318978011339931,-0.1977741602571447,0.1340052267840829,-0.1374936139136036,0.6739516448394967,0.0733325235968195,low_explanation_uptake
R2-R1,applications_per_hire,10,-0.0956534002095923,0.6956934034019796,-0.5933224807714339,0.4020156803522493,-0.137493613913603,0.6739516448394978,0.2199975707904588,low_explanation_uptake
R2-R1,fill_rate,10,0.0066666666666666,0.0805842860643055,-0.0509798588821498,0.0643131922154831,0.0827291149709599,0.7995089565928071,0.0254829887581771,low_explanation_uptake
R2-R1,vacancy_duration,10,-0.0466666666666665,0.3913256987077845,-0.3266042077210758,0.2332708743877427,-0.11925275242788,0.7148299593324864,0.1237480514873409,low_explanation_uptake
R2-R1,credential_sensitivity,10,-0.0182676026821216,0.0075380274936016,-0.0236599827070663,-0.012875222657177,-2.42339294963138,3.115149995222649e-05,0.0023837335944751,low_explanation_uptake
R2-R1,investment_alignment,10,0.1674948198806433,0.0236281404970744,0.150592266400816,0.1843973733604706,7.088785505629698,3.312697475850509e-09,0.0074718740845218,low_explanation_uptake
R2-R1,total_gap_reduction,10,0.0038674573354801,0.0007542678903372,0.0033278865911754,0.0044070280797847,5.12743202385434,5.727370661579999e-08,0.0002385204499395,low_explanation_uptake
R2-R1,evidence_conversion,10,0.0,0.0,,,,,0.0,low_explanation_uptake
R2-R1,evidence_opportunity_gap,10,0.0033333333333333,0.107094051200191,-0.0732771357810992,0.0799438024477659,0.0311252893692697,0.9237507005577784,0.0338661125647292,low_explanation_uptake
R3-R2,placement_rate,10,0.0016666666666666,0.0328201233060931,-0.0218114351951558,0.0251447685284891,0.0507818526799149,0.8759659087784054,0.0103786342734829,low_explanation_uptake
R3-R2,ground_truth_fit,10,0.0051550655417071,0.0181834324279075,-0.0078525784198475,0.0181627095032617,0.2835034343568272,0.3933251355533724,0.0057501062151953,low_explanation_uptake
R3-R2,search_rounds,10,-0.0504261139344414,0.3105353882561204,-0.2725697484717387,0.1717175206028559,-0.1623844361752787,0.6199660644343566,0.0981999120974043,low_explanation_uptake
R3-R2,applications_per_hire,10,-0.1512783418033242,0.9316061647683612,-0.8177092454152164,0.5151525618085679,-0.1623844361752788,0.6199660644343566,0.2945997362922131,low_explanation_uptake
R3-R2,fill_rate,10,0.0033333333333333,0.0656402466121863,-0.0436228703903116,0.0502895370569783,0.0507818526799149,0.8759659087784054,0.0207572685469659,low_explanation_uptake
R3-R2,vacancy_duration,10,-0.1133333333333333,0.31669590508293,-0.3398839361270374,0.1132172694603707,-0.35786169481306,0.2870290093627889,0.1001480385710554,low_explanation_uptake
R3-R2,credential_sensitivity,10,0.0003377985881251,0.0082702032845065,-0.0055783484452278,0.0062539456214781,0.0408452581519981,0.9000683445448835,0.0026152679091646,low_explanation_uptake
R3-R2,investment_alignment,10,0.0010887181970811,0.0211362496032726,-0.0140312439229396,0.0162086803171019,0.0515095259337103,0.8742058190951748,0.0066838689940171,low_explanation_uptake
R3-R2,total_gap_reduction,10,0.004028961387043,0.0012045199925639,0.0031672996919826,0.0048906230821034,3.3448688373090825,2.238323943369345e-06,0.0003809026663711,low_explanation_uptake
R3-R2,evidence_conversion,10,0.0485587191576625,0.0116968793420303,0.0401912757420354,0.0569261625732895,4.151425156894327,3.5696475846511817e-07,0.0036988780236987,low_explanation_uptake
R3-R2,evidence_opportunity_gap,10,-0.0066666666666666,0.0926962382871742,-0.0729775608828991,0.0596442275495657,-0.0719194952228076,0.8251721972663831,0.0293131243517175,low_explanation_uptake
R3-R0,placement_rate,10,-0.0366666666666666,0.0131468439624435,-0.0460713522869194,-0.0272619810464139,-2.789009040604105,1.007289649357021e-05,0.0041573970964154,low_explanation_uptake
R3-R0,ground_truth_fit,10,0.0220947544998797,0.0092956705242151,0.0154450323947544,0.028744476605005,2.3768865777162618,3.629888833105238e-05,0.0029395491235011,low_explanation_uptake
R3-R0,search_rounds,10,0.2407292213045278,0.2050703837346565,0.094030706089887,0.3874277365191686,1.1738858479731076,0.0048288707387868,0.0648489493246261,low_explanation_uptake
R3-R0,applications_per_hire,10,0.7221876639135836,0.6152111512039694,0.2820921182696613,1.162283209557506,1.173885847973108,0.0048288707387868,0.1945468479738783,low_explanation_uptake
R3-R0,fill_rate,10,-0.0733333333333333,0.0262936879248871,-0.0921427045738388,-0.0545239620928278,-2.789009040604105,1.007289649357021e-05,0.0083147941928309,low_explanation_uptake
R3-R0,vacancy_duration,10,0.6766666666666667,0.1798833641317563,0.5479858598657791,0.8053474734675544,3.7616967524080738,8.295013816748757e-07,0.0568841143829786,low_explanation_uptake
R3-R0,credential_sensitivity,10,-0.0271623927567873,0.0142820560798305,-0.0373791602049544,-0.0169456253086201,-1.9018545092500092,0.0001990079621933,0.004516382688252,low_explanation_uptake
R3-R0,investment_alignment,10,0.17348776771051,0.0181080168412655,0.1605340728096776,0.1864414626113425,9.580716056943158,2.274849496921659e-10,0.0057262577127086,low_explanation_uptake
R3-R0,total_gap_reduction,10,0.0082677828023087,0.0011463739708463,0.0074477162654387,0.0090878493391787,7.212116650035657,2.843309831181929e-09,0.0003625152798206,low_explanation_uptake
R3-R0,evidence_conversion,10,0.0485587191576625,0.0116968793420303,0.0401912757420354,0.0569261625732895,4.151425156894327,3.5696475846511817e-07,0.0036988780236987,low_explanation_uptake
R3-R0,evidence_opportunity_gap,10,0.0833333333333333,0.0741203559118129,0.0303108248588143,0.1363558418078523,1.1242975334937924,0.0061640947563599,0.0234389145663655,low_explanation_uptake
R1-R0,placement_rate,10,-0.0599999999999999,0.0207126132025636,-0.074816910895153,-0.0451830891048469,-2.8967856162434287,7.3872528595969505e-06,0.0065499034014175,low_resource_gradient
R1-R0,ground_truth_fit,10,0.0343040814650535,0.0147383630041184,0.0237608917073548,0.0448472712227522,2.3275367458019374,4.280023897898771e-05,0.0046606796075375,low_resource_gradient
R1-R0,search_rounds,10,0.2842288205874652,0.2008014292503261,0.1405841314444645,0.4278735097304659,1.415472099220646,0.0015410213472273,0.0634989873848187,low_resource_gradient
R1-R0,applications_per_hire,10,0.8543813770166334,0.6044641406117391,0.4219737796184029,1.286788974414864,1.413452543523871,0.0015552726384074,0.191148344822938,low_resource_gradient
R1-R0,fill_rate,10,-0.1199999999999999,0.0414252264051272,-0.149633821790306,-0.0903661782096938,-2.8967856162434287,7.3872528595969505e-06,0.0130998068028351,low_resource_gradient
R1-R0,vacancy_duration,10,1.0133333333333332,0.4043589653259912,0.7240723549962329,1.3025943116704335,2.5060241523676647,2.3869076098393745e-05,0.1278695322739182,low_resource_gradient
R1-R0,credential_sensitivity,10,-0.000945339854057,0.0134862947608577,-0.0105928539471926,0.0087021742390785,-0.070096336378526,0.8295232391331429,0.0042647408640706,low_resource_gradient
R1-R0,investment_alignment,10,0.0013728349634819,0.0143273698880807,-0.0088763480303527,0.0116220179573166,0.0958190494281885,0.7687718420280452,0.0045307121726047,low_resource_gradient
R1-R0,total_gap_reduction,10,0.0003357201176886,0.000367540973273,7.279714423063106e-05,0.0005986430911467,0.913422290578951,0.0179281691532565,0.0001162266608977,low_resource_gradient
R1-R0,evidence_conversion,10,0.0,0.0,,,,,0.0,low_resource_gradient
R1-R0,evidence_opportunity_gap,10,0.0133333333333333,0.0918936583472681,-0.0524034297802937,0.0790700964469604,0.1450952500220025,0.6572346745315668,0.0290593262902711,low_resource_gradient
R2-R1,placement_rate,10,0.0033333333333333,0.0245954929124207,-0.0142612223773193,0.020927889043986,0.1355261854357879,0.6783097418055791,0.0077777777777777,low_resource_gradient
R2-R1,ground_truth_fit,10,6.505195651725914e-05,0.0120645684479737,-0.0085654204002965,0.008695524313331,0.0053919837081437,0.9867679850386338,0.0038151515282599,low_resource_gradient
R2-R1,search_rounds,10,-0.0105087056929557,0.2109163600449839,-0.1613891804333301,0.1403717690474186,-0.0498240425290597,0.8782837486789467,0.0666976093534283,low_resource_gradient
R2-R1,applications_per_hire,10,-0.0315261170788674,0.6327490801349515,-0.4841675412999904,0.4211153071422556,-0.04982404252906,0.8782837486789461,0.2000928280602848,low_resource_gradient
R2-R1,fill_rate,10,0.0066666666666666,0.0491909858248414,-0.0285224447546387,0.041855778087972,0.1355261854357879,0.6783097418055791,0.0155555555555555,low_resource_gradient
R2-R1,vacancy_duration,10,0.0233333333333333,0.4064449911909329,-0.2674198980122865,0.3140865646789531,0.0574083426762471,0.8599656516076208,0.128529191573042,low_resource_gradient
R2-R1,credential_sensitivity,10,-0.0257070136847933,0.0092417600262099,-0.0323181705428662,-0.0190958568267203,-2.7816144989576976,1.0293167560438484e-05,0.002922501127152,low_resource_gradient
R2-R1,investment_alignment,10,0.2526657283336786,0.030829659447079,0.2306115185394869,0.2747199381278703,8.195540685987613,9.141594257896466e-10,0.0097491943340097,low_resource_gradient
R2-R1,total_gap_reduction,10,0.0075193666549278,0.0007739132117856,0.006965742494255,0.0080729908156005,9.716033452354202,2.0072925722972803e-10,0.0002447328460538,low_resource_gradient
R2-R1,evidence_conversion,10,0.0,0.0,,,,,0.0,low_resource_gradient
R2-R1,evidence_opportunity_gap,10,0.0299999999999999,0.092228915419765,-0.0359765915757132,0.0959765915757132,0.325277597198881,0.3305091077542856,0.0291653438853481,low_resource_gradient
R3-R2,placement_rate,10,-1.6653345369377347e-17,0.0245326690731329,-0.0175496142433585,0.0175496142433585,-6.788232181232719e-16,0.9999999999999984,0.0077579111354271,low_resource_gradient
R3-R2,ground_truth_fit,10,0.0032649055499931,0.0186786893843609,-0.0100970238955904,0.0166268349955767,0.1747930747607356,0.5938990686738735,0.0059067202161389,low_resource_gradient
R3-R2,search_rounds,10,0.0471606653063404,0.1361022732373449,-0.0502010357723006,0.1445223663849814,0.3465090199051876,0.3016389641401724,0.0430393178156588,low_resource_gradient
R3-R2,applications_per_hire,10,0.1414819959190212,0.4083068197120348,-0.150603107316902,0.4335670991549444,0.3465090199051873,0.3016389641401726,0.1291179534469765,low_resource_gradient
R3-R2,fill_rate,10,-3.3306690738754695e-17,0.0490653381462658,-0.0350992284867171,0.0350992284867171,-6.788232181232719e-16,0.9999999999999984,0.0155158222708543,low_resource_gradient
R3-R2,vacancy_duration,10,0.0066666666666667,0.3694507100554738,-0.2576224501872821,0.2709557835206156,0.0180448067501772,0.955742054986784,0.116830572694177,low_resource_gradient
R3-R2,credential_sensitivity,10,-0.0003027306921469,0.0096112864263989,-0.0071782308125335,0.0065727694282396,-0.0314974165492997,0.9228424033352396,0.0030393556351681,low_resource_gradient
R3-R2,investment_alignment,10,-0.0002925521773086,0.0176998264814498,-0.0129542452852962,0.0123691409306789,-0.0165285336336641,0.9594570384871494,0.0055971765871145,low_resource_gradient
R3-R2,total_gap_reduction,10,0.0053405009831814,0.001823021579607,0.004036389906476,0.0066446120598869,2.929477655625285,6.73670714397977e-06,0.0005764900415196,low_resource_gradient
R3-R2,evidence_conversion,10,0.061052294452346,0.0143137673602371,0.0508128421207429,0.0712917467839491,4.265284806985612,2.828277457604528e-07,0.0045264106756125,low_resource_gradient
R3-R2,evidence_opportunity_gap,10,-0.0433333333333333,0.1089228971835774,-0.1212520800519381,0.0345854133852714,-0.3978349314405381,0.2400266839624856,0.0344444444444444,low_resource_gradient
R3-R0,placement_rate,10,-0.0566666666666666,0.029865955679368,-0.0780314843153163,-0.0353018490180169,-1.8973665961010264,0.0002024993220676,0.0094444444444444,low_resource_gradient
R3-R0,ground_truth_fit,10,0.037634038971564,0.0217204088980976,0.0220961944658031,0.0531718834773248,1.732657941575867,0.0003905966970591,0.0068685963828176,low_resource_gradient
R3-R0,search_rounds,10,0.32088078020085,0.1482541645290215,0.2148261397661032,0.4269354206355967,2.1643964014112798,7.520241453108943e-05,0.0468820832517052,low_resource_gradient
R3-R0,applications_per_hire,10,0.9643372558567872,0.4449993452060143,0.6460039011112411,1.2826706106023331,2.1670532018655964,7.449727680806077e-05,0.1407211488134535,low_resource_gradient
R3-R0,fill_rate,10,-0.1133333333333333,0.059731911358736,-0.1560629686306327,-0.0706036980360338,-1.8973665961010264,0.0002024993220676,0.0188888888888888,low_resource_gradient
R3-R0,vacancy_duration,10,1.0433333333333334,0.3748415303024815,0.7751878559868411,1.3114788106798256,2.7833984470488287,1.0239546068566292e-05,0.1185352997378865,low_resource_gradient
R3-R0,credential_sensitivity,10,-0.0269550842309972,0.0132514199121068,-0.0364345789790401,-0.0174755894829544,-2.0341279960776424,0.0001205890566933,0.0041904669153565,low_resource_gradient
R3-R0,investment_alignment,10,0.2537460111198519,0.028456472372075,0.2333894770889246,0.2741025451507792,8.9169875943182,4.3142850300505107e-10,0.0089987266869411,low_resource_gradient
R3-R0,total_gap_reduction,10,0.0131955877557979,0.0016641473867055,0.0120051284301651,0.0143860470814308,7.929338387461254,1.2259831547137831e-09,0.0005262496104206,low_resource_gradient
R3-R0,evidence_conversion,10,0.061052294452346,0.0143137673602371,0.0508128421207429,0.0712917467839491,4.265284806985612,2.828277457604528e-07,0.0045264106756125,low_resource_gradient
R3-R0,evidence_opportunity_gap,10,5.551115123125783e-18,0.0846197011762656,-0.0605332876176155,0.0605332876176156,6.560074126901755e-17,1.0,0.0267590990639828,low_resource_gradient
